solution_id;product;facility;operation;note
9b20417a-0ac7-4786-985b-f3459a15075d;Unit;warehouse;cleaning;робот-уборщик, сценарий «Уборка помещений»
5760e938-9a43-45a7-b8e8-f4f2e6383930;Ronavi H1500 (грузоподъемность до 1 500 кг);warehouse;pallet_transport;возит паллеты и тележки между зонами
3f2aaa1b-2237-4d7b-b215-1ac5ec789ed5;Ronavi SR (грузоподъемность до 50 кг);warehouse;sorting;сортировка грузов (у манипуляторов Эйдоса по комплектации из PR #47)
6f3da854-41da-4363-8496-5487f37c845a;Ronavi H2000 (грузоподъемность до 2 000 кг);warehouse;pallet_transport;возит паллеты и тележки между зонами
66d8e7ad-cdcd-4287-afb0-e2afa9ef5217;Ronavi SD (грузоподъемность до 10 кг);warehouse;sorting;сортировка грузов (у манипуляторов Эйдоса по комплектации из PR #47)
dcfd9975-81eb-49b5-a422-827a720ba582;Ronavi M (грузоподъемность до 1200 кг);warehouse;piece_picking;подвозит стеллажи к станции отбора
5760e938-9a43-45a7-b8e8-f4f2e6383930;Ronavi H1500 (грузоподъемность до 1 500 кг);warehouse;piece_picking;Требует проверки: низкий робот с подъемом, может подвозить мобильный стеллаж к станции отбора. Работает ли он так и есть ли у производителя ПО станции, в каталоге не написано, уточните у производителя
5ec66969-8fcc-47b3-b517-a9c29372fffe;AMR 800 (грузоподъемность до 800 кг);warehouse;piece_picking;Требует проверки: низкий робот с подъемом, может подвозить мобильный стеллаж к станции отбора. Работает ли он так и есть ли у производителя ПО станции, в каталоге не написано, уточните у производителя
7d5a76d2-7bf3-4a40-b6f7-64590d4d9273;AMR 1500 (грузоподъемность до 1 500 кг);warehouse;piece_picking;Требует проверки: низкий робот с подъемом, может подвозить мобильный стеллаж к станции отбора. Работает ли он так и есть ли у производителя ПО станции, в каталоге не написано, уточните у производителя
cccd0c0d-8ae7-435d-a171-45f5d82886e6;DMR 1200 (грузоподъемность до 1 200 кг);warehouse;piece_picking;Требует проверки: низкий робот с подъемом, может подвозить мобильный стеллаж к станции отбора. Работает ли он так и есть ли у производителя ПО станции, в каталоге не написано, уточните у производителя
be814758-3616-4b94-befa-9848be2ac604;DMR 600 (грузоподъемность до 600 кг);warehouse;piece_picking;Требует проверки: низкий робот с подъемом, может подвозить мобильный стеллаж к станции отбора. Работает ли он так и есть ли у производителя ПО станции, в каталоге не написано, уточните у производителя
993d980e-8b91-45e0-9c98-50ffab6e11e4;Сёмабот (грузоподъемность до 1 500 кг);warehouse;piece_picking;Требует проверки: низкий робот с подъемом, может подвозить мобильный стеллаж к станции отбора. Работает ли он так и есть ли у производителя ПО станции, в каталоге не написано, уточните у производителя
cebbdfa8-500a-425f-bcbc-ad2dcc106539;AS-RS P;warehouse;piece_picking;Требует проверки: организатор описывает систему как «товар к человеку», но она подает к станции ящик или паллету, а не стеллаж. Как считать ее выработку на отборе, уточните у производителя
c125ce9a-8f04-4183-a136-5ddbb3c5ae89;AS-RS B;warehouse;piece_picking;Требует проверки: организатор описывает систему как «товар к человеку», но она подает к станции ящик или паллету, а не стеллаж. Как считать ее выработку на отборе, уточните у производителя
89ffd69f-f07b-4bf2-8023-1fd765a2b6ff;AMR 100 (грузоподъемность до 100 кг);warehouse;pallet_transport;возит паллеты и тележки между зонами
5ec66969-8fcc-47b3-b517-a9c29372fffe;AMR 800 (грузоподъемность до 800 кг);warehouse;pallet_transport;возит паллеты и тележки между зонами
7d5a76d2-7bf3-4a40-b6f7-64590d4d9273;AMR 1500 (грузоподъемность до 1 500 кг);warehouse;pallet_transport;возит паллеты и тележки между зонами
cccd0c0d-8ae7-435d-a171-45f5d82886e6;DMR 1200 (грузоподъемность до 1 200 кг);warehouse;pallet_transport;возит паллеты и тележки между зонами
be814758-3616-4b94-befa-9848be2ac604;DMR 600 (грузоподъемность до 600 кг);warehouse;pallet_transport;возит паллеты и тележки между зонами
f7634ef8-0034-4c5b-b2f0-e44a14f05a76;DMR Carrier P;warehouse;stacking;поднимает паллеты на ярусы стеллажа
f7634ef8-0034-4c5b-b2f0-e44a14f05a76;DMR Carrier P;warehouse;pallet_transport;возит паллеты и тележки между зонами
993d980e-8b91-45e0-9c98-50ffab6e11e4;Сёмабот (грузоподъемность до 1 500 кг);warehouse;pallet_transport;возит паллеты и тележки между зонами
5a36611d-033e-4893-bd49-5d4f776f57dd;AK-2000-2;warehouse;stacking;поднимает паллеты на ярусы стеллажа
5a36611d-033e-4893-bd49-5d4f776f57dd;AK-2000-2;warehouse;pallet_transport;возит паллеты и тележки между зонами
2ffc706d-fe43-4c2b-baad-a624a95ad3ce;Робот-штабелёр RoboCV;warehouse;stacking;поднимает паллеты на ярусы стеллажа
2ffc706d-fe43-4c2b-baad-a624a95ad3ce;Робот-штабелёр RoboCV;warehouse;pallet_transport;возит паллеты и тележки между зонами
b4a9ef38-b68a-4c0f-8512-9bc9a718c4e1;Робот-тягач RoboCV;warehouse;pallet_transport;возит паллеты и тележки между зонами
0ece582a-084c-4a8b-99f4-576f0e01b7c8;SmartCube;warehouse;storage;автоматическое хранение
19a68304-56f7-432f-afd8-b97b2b8466ba;Беспилотный погрузчик;warehouse;stacking;поднимает паллеты на ярусы стеллажа
19a68304-56f7-432f-afd8-b97b2b8466ba;Беспилотный погрузчик;warehouse;pallet_transport;возит паллеты и тележки между зонами
ecd7d582-b342-449a-b43b-66288d159a32;MULE;warehouse;pallet_transport;возит паллеты и тележки между зонами
cebbdfa8-500a-425f-bcbc-ad2dcc106539;AS-RS P;warehouse;storage;автоматическое хранение
c125ce9a-8f04-4183-a136-5ddbb3c5ae89;AS-RS B;warehouse;storage;автоматическое хранение
eff2586c-892d-4e44-a407-1ec7f06c8f76;Pallet Shuttle;warehouse;storage;автоматическое хранение
ce44017e-6ada-421d-bbce-6869b33c2cda;Модель А25-1720;warehouse;sorting;сортировка грузов (у манипуляторов Эйдоса по комплектации из PR #47)
fceeacf0-579f-46cc-92ff-2057fea5da7f;Модель А12-1450;warehouse;sorting;сортировка грузов (у манипуляторов Эйдоса по комплектации из PR #47)
9dfb0b55-4d9e-47fc-8a28-ad4390147a26;Робот инвентаризатор;warehouse;inventory;сценарий «Инвентаризация склада»
242d637c-6512-4bdf-9964-2c0010259f36;Инвентаризатор AI Stock Counter 12M;warehouse;inventory;сценарий «Инвентаризация склада»
446c5207-a099-45e0-b615-afd60de08589;MARK 2 SE;warehouse;cleaning;робот-уборщик, сценарий «Уборка помещений»
e2095cfe-3ce4-404e-a4bb-2f378480d7ca;АК-SC80;warehouse;cleaning;робот-уборщик, сценарий «Уборка помещений»
f31223c1-44c8-4410-8381-6356e2158b61;Клинботикс 400 PRO;warehouse;cleaning;робот-уборщик, сценарий «Уборка помещений»
5a5b3599-bd64-4330-9bbb-4f8ce7d780b9;Клинботикс 600;warehouse;cleaning;робот-уборщик, сценарий «Уборка помещений»
e8960183-1828-4fdb-8c39-91f5a3523a96;РУБИ-С-03;warehouse;cleaning;робот-уборщик, сценарий «Уборка помещений»
28a5afa8-0473-4f80-99a9-b2922b76810f;Беспилотный тягач Cognitive Pilot;airport;baggage_transport;кейс каталога: контракт на 45 тягачей для Пулково
cf9643b1-7a04-429c-9ac2-33060c9f42dd;EVOCARGO N1;airport;baggage_transport;испытания в аэропорту Жуковский: 368 часов на перроне
446c5207-a099-45e0-b615-afd60de08589;R2B MARK 2 SE;airport;cleaning;кейс каталога: Красноярский аэропорт
9b20417a-0ac7-4786-985b-f3459a15075d;Unit;airport;cleaning;в описании каталога аэропорты названы среди объектов
e8960183-1828-4fdb-8c39-91f5a3523a96;РУБИ-С-03;airport;cleaning;робот-уборщик для больших помещений из каталога
38db0187-c455-4601-9ba1-7a1012485e4a;Роботизированная система патрулирования и охраны (МАИ);airport;patrol;кейс каталога: патрулирование стоянки самолетов в аэропорту Жуковский
0861538d-75c8-473e-a2ab-499a6b8c1d49;Курьер-30;clinic;campus_delivery;кейс каталога: Нижегородская область, доставка сократилась с 1,5 часа до 10 минут
ac5b3159-9df0-4911-8cc3-31227a5b3b59;TFM-15-8E;clinic;campus_delivery;в каталоге указан сценарий доставки биоматериалов
db02c054-a08a-4ddf-a957-6137eeef93ba;Яндекс-ровер R 4.0;clinic;campus_delivery;пилот с апреля 2026 в ГКБ 15 и ГКБ 1 Москвы
66d8e7ad-cdcd-4287-afb0-e2afa9ef5217;Ronavi SD;clinic;floor_delivery;пример робота для медучреждения в файле организатора
446c5207-a099-45e0-b615-afd60de08589;R2B MARK 2 SE;clinic;cleaning;робот-уборщик из каталога, сценарий «Уборка помещений»
f31223c1-44c8-4410-8381-6356e2158b61;Клинботикс (Cleanbotics) 400 PRO;clinic;cleaning;робот-уборщик из каталога, сценарий «Уборка помещений»
5a5b3599-bd64-4330-9bbb-4f8ce7d780b9;Клинботикс (Cleanbotics) 600;clinic;cleaning;робот-уборщик из каталога, сценарий «Уборка помещений»
e8960183-1828-4fdb-8c39-91f5a3523a96;РУБИ-С-03;clinic;cleaning;робот-уборщик из каталога, сценарий «Уборка помещений»
9b20417a-0ac7-4786-985b-f3459a15075d;Unit;clinic;cleaning;робот-уборщик из каталога, сценарий «Уборка помещений»
e2095cfe-3ce4-404e-a4bb-2f378480d7ca;Автомакон АК-SC80;clinic;cleaning;робот-уборщик из каталога, сценарий «Уборка помещений»
