id;product;vendor;type;subtype;process;status;tested_fcbas;registry_719;price_rub;price_rub_trust;payload_kg;payload_kg_trust;min_aisle_width_mm;min_aisle_width_mm_trust;lift_height_mm;lift_height_mm_trust;max_speed_m_s;max_speed_m_s_trust;runtime_h;runtime_h_trust;charge_time_h;charge_time_h_trust;navigation_type;navigation_type_trust;throughput;throughput_trust
9b20417a-0ac7-4786-985b-f3459a15075d;Unit;"ООО ""Яку Роботикс""";Мобильные роботы;Робот-уборщик;Уборка помещений;piloting;0;0;2300000;D;;F;;F;;F;;F;5;B;;F;RTLS (радиомаяки-анкеры) + лидар, стереокамера, радар, ультразвук;C;до 1400;A
5760e938-9a43-45a7-b8e8-f4f2e6383930;Ronavi H1500 (грузоподъемность до 1 500 кг);"ООО ""Ронави Роботикс""";Мобильные роботы;AMR;Внутрипроизводственная логистика;operation;0;0;2700000;D;1500;A;750;B;;F;1.5;E;6;E;0.3;E;QR-метки + SLAM;A;80–100;E
3f2aaa1b-2237-4d7b-b215-1ac5ec789ed5;Ronavi SR (грузоподъемность до 50 кг);"ООО ""Ронави Роботикс""";Мобильные роботы;AMR;Внутрискладская логистика;operation;0;0;950000;D;50;C;690;C;;F;3;C;16;C;;F;QR-метки;C;до 1000;C
6f3da854-41da-4363-8496-5487f37c845a;Ronavi H2000 (грузоподъемность до 2 000 кг);"ООО ""Ронави Роботикс""";Мобильные роботы;AMR;Внутрипроизводственная логистика;operation;0;0;2640000;D;2000;C;1190;C;70;C;0.8;E;3–5;E;1.33;B;QR-метки + SLAM;C;;F
66d8e7ad-cdcd-4287-afb0-e2afa9ef5217;Ronavi SD (грузоподъемность до 10 кг);"ООО ""Ронави Роботикс""";Мобильные роботы;AMR;Внутрискладская логистика;piloting;0;0;1400000;D;10;A;700;E;;F;2.5;A;10;A;;F;QR-метки;A;;F
dcfd9975-81eb-49b5-a422-827a720ba582;Ronavi M (грузоподъемность до 1200 кг);"ООО ""Ронави Роботикс""";Мобильные роботы;AMR;Внутрискладская логистика;piloting;0;0;2400000;D;1200;C;760;C;;F;2;E;8;B;1;C;QR-метки + SLAM;C;;F
89ffd69f-f07b-4bf2-8023-1fd765a2b6ff;AMR 100 (грузоподъемность до 100 кг);"ООО ""Морос""";Мобильные роботы;AMR;Внутрискладская логистика;operation;0;0;1500000;D;100;E;;F;;F;3;C;20 (ср. нагрузка) / 10 (макс.);C;;F;"движение по заданной траектории; энкодеры + лидар";C;;F
5ec66969-8fcc-47b3-b517-a9c29372fffe;AMR 800 (грузоподъемность до 800 кг);"ООО ""Морос""";Мобильные роботы;AMR;Внутрискладская логистика;operation;1;0;1800000;D;800;C;700;D;;F;2;E;24 (ср. нагрузка) / 14 (макс.);A;2;D;QR-метки + SLAM;C;;F
7d5a76d2-7bf3-4a40-b6f7-64590d4d9273;AMR 1500 (грузоподъемность до 1 500 кг);"ООО ""Морос""";Мобильные роботы;AMR;Внутрискладская логистика;piloting;1;0;2200000;D;1500;A;700;D;;F;1.5;A;20 (ср. нагрузка) / 10 (макс.);A;2;D;QR-метки + SLAM;C;;F
cccd0c0d-8ae7-435d-a171-45f5d82886e6;DMR 1200 (грузоподъемность до 1 200 кг);"ООО ""Диком-Сервис""";Мобильные роботы;AMR;Внутрискладская логистика;piloting;1;0;4000000;D;1200;C;1050;D;60;B;1.5;E;8;B;2;B;SLAM (лидар), без инфраструктуры;C;;F
be814758-3616-4b94-befa-9848be2ac604;DMR 600 (грузоподъемность до 600 кг);"ООО ""Диком-Сервис""";Мобильные роботы;AMR;Внутрипроизводственная логистика;piloting;1;1;3750000;D;600;C;790;D;60;B;2;B;8;B;2;B;SLAM (лидар) + QR-метки;C;;F
f7634ef8-0034-4c5b-b2f0-e44a14f05a76;DMR Carrier P;"ООО ""Диком-Сервис""";Мобильные роботы;;Внутрискладская логистика;piloting;0;0;4300000;D;1500;B;1885;D;1600;A;1.5;A;10;A;2;B;SLAM на лидарах (без лент/QR);B;40–60;D
993d980e-8b91-45e0-9c98-50ffab6e11e4;Сёмабот (грузоподъемность до 1 500 кг);"ООО ""Семаргл""";Мобильные роботы;AMR;Внутрискладская логистика;piloting;1;1;2500000;D;50 / 400 / 1000 / 1500 / 2000 (линейка);C;;F;;F;1.5 (с грузом), 1.8 (без груза);D;12;D;1.5;D;SLAM (техническое зрение) или метки Data-matrix/QR;C;;F
5a36611d-033e-4893-bd49-5d4f776f57dd;AK-2000-2;"ООО ""ГК Автомакон""";Автономные наземные транспортные средства;FMR;Внутрискладская логистика;operation;0;0;2940000;D;2000;C;;F;175;C;2.6;C;6–8;C;2;C;3D Laser SLAM;C;5,2 паллеты/ч на робота;C
2ffc706d-fe43-4c2b-baad-a624a95ad3ce;Робот-штабелёр RoboCV;"ООО ""Робосиви""";Мобильные роботы;Робот-штабелер;Внутрискладская логистика;operation;0;0;2500000;D;1400;C;2900;E;7000;C;2;C;24/7 (замена/подзарядка АКБ);C;;F;;F;30 (средняя), до 40;D
b4a9ef38-b68a-4c0f-8512-9bc9a718c4e1;Робот-тягач RoboCV;"ООО ""Робосиви""";Автономные наземные транспортные средства;Беспилотный тягач;Внутрискладская логистика;operation;0;0;2500000;D;до 5000 (буксируемый груз);C;2900;C;;F;2.2;C;24/7 (замена/подзарядка АКБ);C;;F;движение по заранее проложенным маршрутам;C;;F
0ece582a-084c-4a8b-99f4-576f0e01b7c8;SmartCube;"ООО ""АРС""";Стационарные роботизированные системы;Умная система хранения;Внутрискладская логистика;operation;0;0;2700000;D;30 (ящик);C;;F;6000;E;2.1;E;8;C;4;C;рельсовая 2D-сетка над шахтами, датчики на роботе;C;200;C
19a68304-56f7-432f-afd8-b97b2b8466ba;Беспилотный погрузчик;МФТИ;Мобильные роботы;Беспилотный погрузчик;Внутрискладская логистика;piloting;0;0;3000000;D;2000;D;;F;;F;1.19 (с грузом), 1.33 (без груза);D;12;D;;F;"камера + потолочные оптические метки (код Хэмминга); 2 лидара безопасности";D;около 2500 паллет в месяц на робота;D
ecd7d582-b342-449a-b43b-66288d159a32;MULE;ООО «СМ РОБОТИКС»;Мобильные роботы;FMR;Внутрискладская логистика;piloting;0;0;3000000;D;1500;C;2220;D;;F;1.3;C;6;D;1;D;SLAM;C;;F
cebbdfa8-500a-425f-bcbc-ad2dcc106539;AS-RS P;"ООО ""Диком-Сервис""";Стационарные роботизированные системы;Кран-штабелёр;Сортировка грузов;operation;0;1;10000000;D;3000;C;;F;24000;C;3 (гор.) / 1 (верт.);C;;F;;F;;F;;F
c125ce9a-8f04-4183-a136-5ddbb3c5ae89;AS-RS B;"ООО ""Диком-Сервис""";Стационарные роботизированные системы;Робот-штабелёр;Сортировка грузов;piloting;0;1;10000000;D;30;C;;F;12000;C;4 (гор.) / 2 (верт.);C;;F;;F;;F;;F
eff2586c-892d-4e44-a407-1ec7f06c8f76;Pallet Shuttle;"ООО ""Завод Стелкон""";Стационарные роботизированные системы;Шаттл;Сортировка грузов;operation;0;0;7000000;D;1500;D;;F;12000–15000;D;0.75–1.0;D;8–10+;D;;F;;F;80–120;D
ce44017e-6ada-421d-bbce-6869b33c2cda;Модель А25-1720;"АО ""Эйдос Робототехника""";Роботы-манипуляторы;Робот-манипулятор;Сортировка грузов;operation;0;1;2000000;D;25;B;;F;;F;;F;;F;;F;;F;;F
fceeacf0-579f-46cc-92ff-2057fea5da7f;Модель А12-1450;"АО ""Эйдос Робототехника""";Роботы-манипуляторы;Робот-манипулятор;Сортировка грузов;operation;0;1;2000000;D;12;C;;F;;F;;F;;F;;F;;F;;F
9dfb0b55-4d9e-47fc-8a28-ad4390147a26;Робот инвентаризатор;"ООО ""Яндекс Роботикс""";Мобильные роботы;Робот инвентаризатор;Инвентаризация склада;operation;0;0;2000000;D;;F;;F;;F;;F;;F;;F;лидар + цифровая модель топологии склада;C;до 30 000;D
242d637c-6512-4bdf-9964-2c0010259f36;Инвентаризатор AI Stock Counter 12M;"ООО ""ГК Автомакон""";Мобильные роботы;Робот-инвентаризатор;Инвентаризация склада;operation;0;0;2600000;D;;F;;F;12000 (мачта);C;0.6;C;2;C;;F;"камеры + подсветка; перемещение совместно с паллетоперевозчиком/погрузчиком";D;от 12 600;C
446c5207-a099-45e0-b615-afd60de08589;MARK 2 SE;"ООО ""Р2Б""";Мобильные роботы;Робот-уборщик;Уборка помещений;operation;1;0;1900000;D;;F;1300;A;;F;0.83–1.11;D;3;E;2;A;лидар + камеры (авто-карта);B;600–700 (реальные условия);E
e2095cfe-3ce4-404e-a4bb-2f378480d7ca;АК-SC80;"ООО ""ГК Автомакон""";Мобильные роботы;Робот-уборщик;Уборка помещений;operation;0;0;4056000;D;;F;1200;D;;F;1.5;D;4-6;D;4-5;D;;F;4000 (макс.);D
f31223c1-44c8-4410-8381-6356e2158b61;Клинботикс 400 PRO;"ООО ""Вейбот Автомакон Роботикс""";Мобильные роботы;Робот уборщик;Уборка помещений;operation;1;0;1500000;D;;F;700;B;;F;;F;3;B;1;B;3D-лидар 360° + 5 доп. лидаров, SLAM;C;700–1200;B
5a5b3599-bd64-4330-9bbb-4f8ce7d780b9;Клинботикс 600;"ООО ""Вейбот Автомакон Роботикс""";Мобильные роботы;Робот уборщик;Уборка помещений;operation;1;0;2310000;D;;F;750;B;;F;;F;3;E;1 (быстрый) / 2 (обычный);B;3D-лидар 360° + 3 доп. лидара, SLAM;C;1000–2300;A
e8960183-1828-4fdb-8c39-91f5a3523a96;РУБИ-С-03;"ООО ""РОБО""";Мобильные роботы;Робот-уборщик;Уборка помещений;operation;1;0;2200000;D;;F;;F;;F;1.2;C;3.5 (комплексная) / 10 (ECO);C;3.5;E;лидар + камеры глубины + камера CV «EAGLE EYE»;C;1000–2500;C
