section;key;name;unit;value;min;max;note;source;source_type;retrieved;rating;check
Общие параметры объекта;terminal_area_m2;Суммарная площадь терминала (ов);м²;85000;8000;500000;Площадь пассажирского терминала - база для расчёта маршрутов роботов-транспортировщиков;Датасеты_хакатон.xlsx, лист «Аэропорт»;организатор;2026-09-15;D;
Общие параметры объекта;apron_area_m2;Площадь перрона и технических зон;м²;100000;10000;800000;Открытая зона - ограничения на перемещение роботов (погода, допуски);Датасеты_хакатон.xlsx, лист «Аэропорт»;организатор;2026-09-15;D;
Общие параметры объекта;terminals;Количество терминалов;шт.;2;1;6;Несколько терминалов - сложная логистика между ними;Датасеты_хакатон.xlsx, лист «Аэропорт»;организатор;2026-09-15;D;
Общие параметры объекта;gates;Количество выходов на посадку (гейтов);шт.;20;8;50;Влияет на маршруты доставки и кол-во роботов;Датасеты_хакатон.xlsx, лист «Аэропорт»;организатор;2026-09-15;D;
Общие параметры объекта;runways;Количество взлётно-посадочных полос;шт.;2;1;4;Контекст масштаба аэропорта;Датасеты_хакатон.xlsx, лист «Аэропорт»;организатор;2026-09-15;D;
Пассажирский поток;passengers_mln_year;Пассажиропоток (млн пассажиров/год);млн пасс./год;8.5;0.5;50;;Датасеты_хакатон.xlsx, лист «Аэропорт»;организатор;2026-09-15;D;
Пассажирский поток;passengers_per_day;Среднесуточное количество пассажиров;пасс./сут;23300;1400;137000;(= Годовой поток / 365);Датасеты_хакатон.xlsx, лист «Аэропорт»;организатор;2026-09-15;D;8,5 млн / 365 = 23 288, сходится
Пассажирский поток;passengers_peak_hour;Пиковое количество пассажиров в час (PHF);пасс./ч;3200;200;18000;;Датасеты_хакатон.xlsx, лист «Аэропорт»;организатор;2026-09-15;D;пиковый час 13,7% суточного потока
Пассажирский поток;transfer_share_pct;Доля трансферных пассажиров;%;15;5;45;Транзит - ключевой сегмент для роботов-носильщиков/кейсов;Датасеты_хакатон.xlsx, лист «Аэропорт»;организатор;2026-09-15;D;
Пассажирский поток;checkin_counters;Количество стоек регистрации;шт.;50;15;350;Целевая зона для роботов сопровождения и аэропортовых тележек;Датасеты_хакатон.xlsx, лист «Аэропорт»;организатор;2026-09-15;D;
Авиационное наземное обслуживание (ramp);flights_per_day;Среднесуточное количество рейсов (взлёт+посадка);рейсов/сут;280;30;1200;;Датасеты_хакатон.xlsx, лист «Аэропорт»;организатор;2026-09-15;D;
Авиационное наземное обслуживание (ramp);flights_peak_hour;Пиковое количество рейсов в час;рейсов/ч;32;4;120;Для расчёта пиковой потребности в спецтехнике;Датасеты_хакатон.xlsx, лист «Аэропорт»;организатор;2026-09-15;D;пиковый час 11,4% суточных рейсов
Авиационное наземное обслуживание (ramp);turnaround_min;Среднее время оборота воздушного судна (TAT);мин;45;25;90;Turnaround Time: посадка → взлёт. Ключевой KPI перрона;Датасеты_хакатон.xlsx, лист «Аэропорт»;организатор;2026-09-15;D;
Авиационное наземное обслуживание (ramp);ground_ops_per_flight;Среднее количество операций наземного обслуживания на 1 рейс;операций;18;10;25;Буксировка, питание, заправка, уборка, разгрузка/погрузка;Датасеты_хакатон.xlsx, лист «Аэропорт»;организатор;2026-09-15;D;
Авиационное наземное обслуживание (ramp);baggage_per_day;Объём перемещения багажа (единиц/сутки);ед./сут;35000;3000;300000;Целевой KPI для багажных AMR и сортировочных систем;Датасеты_хакатон.xlsx, лист «Аэропорт»;организатор;2026-09-15;D;"35 000 / 23 300 = 1,5 места багажа на пассажира в сутки; источник доли не указан, проверить"
Авиационное наземное обслуживание (ramp);baggage_mass_kg;Средняя масса единицы багажа;кг;18;10;35;Для расчёта грузоподъёмности багажных роботов;Датасеты_хакатон.xlsx, лист «Аэропорт»;организатор;2026-09-15;D;
Авиационное наземное обслуживание (ramp);baggage_carousels;Количество стоек выдачи багажа (каруселей);шт.;8;3;30;Целевая зона автоматической сортировки;Датасеты_хакатон.xlsx, лист «Аэропорт»;организатор;2026-09-15;D;
Авиационное наземное обслуживание (ramp);catering_portions_per_day;Объём бортового питания (порций/сутки);порций/сут;22000;1000;200000;Цель: автономные тележки доставки питания на борт;Датасеты_хакатон.xlsx, лист «Аэропорт»;организатор;2026-09-15;D;22 000 / 23 300 = 0,94 порции на пассажира
Авиационное наземное обслуживание (ramp);refuelings_per_day;Объём заправки воздушных судов (рейсов/сут);рейсов/сут;280;30;1200;Потенциал: автономные топливозаправщики;Датасеты_хакатон.xlsx, лист «Аэропорт»;организатор;2026-09-15;D;"равно числу взлетов и посадок (280), хотя заправляется только вылетающий рейс, это 140; проверить"
Внутрипортовая логистика и уборка;cart_trips_per_day;Суточное количество рейсов внутренних грузовых тележек (внутри терминала);рейсов/сут;420;50;3000;Перемещение грузов, расходников, отходов внутри терминала;Датасеты_хакатон.xlsx, лист «Аэропорт»;организатор;2026-09-15;D;
Внутрипортовая логистика и уборка;cleaning_machines;Количество уборочных машин (терминал);шт.;8;2;40;Замена: автономные поломоечные машины (Karcher, Nilfisk и др.);Датасеты_хакатон.xlsx, лист «Аэропорт»;организатор;2026-09-15;D;
Внутрипортовая логистика и уборка;robot_cleaning_area_m2;Площадь, убираемая роботизированной уборкой;м²;51000;4800;300000;~60-70% от площади терминала (без закрытых и режимных зон);Датасеты_хакатон.xlsx, лист «Аэропорт»;организатор;2026-09-15;D;51 000 / 85 000 = 60%, сходится с примечанием
Внутрипортовая логистика и уборка;waste_containers_per_day;Суточный объём вывоза мусора (контейнеров);конт./сут;85;10;500;AMR-платформы для вывоза мусорных тележек;Датасеты_хакатон.xlsx, лист «Аэропорт»;организатор;2026-09-15;D;
Персонал;ramp_staff;Численность персонала наземного обслуживания (рамп);чел.;320;50;2000;Цель роботизации - частичное высвобождение на рутинных операциях;Датасеты_хакатон.xlsx, лист «Аэропорт»;организатор;2026-09-15;D;
Персонал;terminal_staff;Численность персонала внутри терминала (логистика, уборка);чел.;180;30;800;Уборщики, курьеры, грузчики терминала;Датасеты_хакатон.xlsx, лист «Аэропорт»;организатор;2026-09-15;D;
Персонал;ramp_salary_rub;Средняя з/п сотрудника наземного обслуживания (gross);руб./мес.;100000;70000;150000;;Датасеты_хакатон.xlsx, лист «Аэропорт»;организатор;2026-09-15;D;
Персонал;cleaner_salary_rub;Средняя з/п уборщика терминала (gross);руб./мес.;65000;38000;85000;Ниже рынка, высокая текучесть;Датасеты_хакатон.xlsx, лист «Аэропорт»;организатор;2026-09-15;D;
Персонал;payroll_tax_factor;Коэффициент начислений на ФОТ;;1.302;1.302;1.302;Аналогично складу;Датасеты_хакатон.xlsx, лист «Аэропорт»;организатор;2026-09-15;D;"для склада мы взяли 1,306 по тарифу на травматизм для ОКВЭД 52.10; тариф для аэропорта не проверяли"
Персонал;staff_turnover_pct;Годовая текучесть (персонал терминала);%;35;15;60;;Датасеты_хакатон.xlsx, лист «Аэропорт»;организатор;2026-09-15;D;
Безопасность и ограничения;security_zones;Зонирование (количество режимных зон);шт.;4;2;8;Airside, Landside, стерильная зона, перрон — у каждой свои допуски;Датасеты_хакатон.xlsx, лист «Аэропорт»;организатор;2026-09-15;D;
Безопасность и ограничения;access_control;Наличие системы контроля доступа (СКУД);;Да (OSDP);;;AMR должны интегрироваться со СКУД для прохода через двери;Датасеты_хакатон.xlsx, лист «Аэропорт»;организатор;2026-09-15;D;
Безопасность и ограничения;airside_certification;Требования по сертификации оборудования для airside;;EASA/ИКАО;;;Серьёзный барьер: не все роботы допущены на перрон;Датасеты_хакатон.xlsx, лист «Аэропорт»;организатор;2026-09-15;D;
Безопасность и ограничения;noise_limit_dba;Ограничения по уровню шума (зона);дБА;70;55;80;Критично для работы AMR в ночное время;Датасеты_хакатон.xlsx, лист «Аэропорт»;организатор;2026-09-15;D;
Безопасность и ограничения;apron_winter_temp_c;Температура в неотапливаемых зонах (перрон, зима);°C;-25;-40;0;Многие роботы не сертифицированы ниже -20°C;Датасеты_хакатон.xlsx, лист «Аэропорт»;организатор;2026-09-15;D;
Инфраструктура;fids_aodb;Наличие FIDS/AODB системы;;Да;Да;Да;Аэропортовая операционная БД - источник данных для расписания роботов FIDS - система отображения информации о рейсах в аэропорту, AODB - операционная база данных аэропорта;Датасеты_хакатон.xlsx, лист «Аэропорт»;организатор;2026-09-15;D;
Инфраструктура;bms;Наличие BMS (системы управления зданием);;Да;Да;Да;Интеграция AMR с лифтами, дверями, освещением;Датасеты_хакатон.xlsx, лист «Аэропорт»;организатор;2026-09-15;D;
Инфраструктура;charging_power_kw;Доступная мощность для зарядной инфраструктуры;кВт;300;50;2000;Дополнительные требования к электроснабжению;Датасеты_хакатон.xlsx, лист «Аэропорт»;организатор;2026-09-15;D;
Инфраструктура;capex_budget_mln_rub;Планируемый бюджет на роботизацию (CAPEX);млн руб.;120;20;800;;Датасеты_хакатон.xlsx, лист «Аэропорт»;организатор;2026-09-15;D;
Инфраструктура;payback_horizon_years;Горизонт расчёта окупаемости;лет;7;5;15;Аэропортовые проекты имеют длиннее горизонт из-за сложности интеграции;Датасеты_хакатон.xlsx, лист «Аэропорт»;организатор;2026-09-15;D;
