facility;catalog_id;product;source;operation;process;why;limits;status
airport;28a5afa8-0473-4f80-99a9-b2922b76810f;Беспилотный тягач Cognitive Pilot;каталог организатора;baggage_transport;Перевозка багажа на перроне;кейс каталога: контракт на 45 тягачей для Пулково;время работы, зарядка и цена не опубликованы;эксплуатация
airport;cf9643b1-7a04-429c-9ac2-33060c9f42dd;EVOCARGO N1;каталог организатора;baggage_transport;Перевозка грузов на перроне и между терминалами;испытания в аэропорту Жуковский: 368 часов на перроне;"габариты и скорость есть только у прошлой модели EVO.1; продается как сервис по подписке";эксплуатация
airport;446c5207-a099-45e0-b615-afd60de08589;R2B MARK 2 SE;каталог организатора;cleaning;Уборка терминала;кейс каталога: Красноярский аэропорт;рабочая производительность 600-700 м2/ч, паспортная выше;эксплуатация
airport;9b20417a-0ac7-4786-985b-f3459a15075d;Unit;каталог организатора;cleaning;Уборка терминала;в описании каталога аэропорты названы среди объектов;"статус пилот; масса и время работы расходятся между источниками";пилот
airport;e8960183-1828-4fdb-8c39-91f5a3523a96;РУБИ-С-03;каталог организатора;cleaning;Уборка терминала;робот-уборщик для больших помещений из каталога;кейсов в аэропортах не нашли;эксплуатация
airport;38db0187-c455-4601-9ba1-7a1012485e4a;Роботизированная система патрулирования и охраны (МАИ);каталог организатора;patrol;Охрана стоянки самолетов;кейс каталога: патрулирование стоянки самолетов в аэропорту Жуковский;характеристик нет ни в одном источнике, есть только статья 2019 года;эксплуатация
airport;ext-gausium-scrubber-75;Gausium Scrubber 75;открытые источники;cleaning;Уборка терминала;"производитель публикует кейсы в аэропортах Хельсинки и Хитроу; продается в России через дилера";производство Китай, цена по запросу, мин. ширина проезда 1400 мм;продается в России
airport;ext-promobot-v4;Promobot V4;открытые источники;passenger_help;Консультации пассажиров у стоек регистрации;работал в аэропорту Пермь (Большое Савино) с 2022 года;скорость 0,2 м/с, только в помещении, груз не возит;продается в России
airport;ext-tracteasy-eztow;TractEasy EZTow;открытые источники;baggage_transport;Буксировка багажных тележек на перроне;работает без водителя в аэропорту Тулузы с 2022 года;"продавца в России не нашли; дублирует тягач Cognitive Pilot; время работы и цена не опубликованы";продавца в России не нашли
clinic;0861538d-75c8-473e-a2ab-499a6b8c1d49;Курьер-30;каталог организатора;campus_delivery;Доставка биоматериалов между больницами;кейс каталога: Нижегородская область, доставка сократилась с 1,5 часа до 10 минут;груз до 6 кг, это доставка между зданиями, а не по этажам;эксплуатация
clinic;ac5b3159-9df0-4911-8cc3-31227a5b3b59;TFM-15-8E;каталог организатора;campus_delivery;Доставка биоматериалов между больницами;в каталоге указан сценарий доставки биоматериалов;медицинских кейсов не нашли, цена от 19,3 млн руб;эксплуатация
clinic;db02c054-a08a-4ddf-a957-6137eeef93ba;Яндекс-ровер R 4.0;каталог организатора;campus_delivery;Доставка проб и расходников между корпусами;пилот с апреля 2026 в ГКБ 15 и ГКБ 1 Москвы;"ездит по улице между корпусами, по лифтам не ездит; цена для больниц не опубликована";пилот в больницах
clinic;66d8e7ad-cdcd-4287-afb0-e2afa9ef5217;Ronavi SD;каталог организатора;floor_delivery;Доставка мелких грузов;пример робота для медучреждения в файле организатора;складской сортировщик на QR-метках, груз до 10 кг, статус пилот;пилот
clinic;ext-pudubot-2;PuduBot 2;открытые источники;floor_delivery;Доставка медикаментов и расходников по этажу;"пример робота для медучреждения в файле организатора; продается в России";"про поездки на лифте производитель ничего не пишет; больничных кейсов в России не нашли";продается в России
clinic;ext-pudu-flashbot;Pudu FlashBot;открытые источники;floor_delivery;Доставка медикаментов и проб между этажами;ездит на лифте, отсеки с замком;в России сейчас продается версия Max;справочно
clinic;ext-pudu-flashbot-max;Pudu FlashBot Max;открытые источники;floor_delivery;Доставка медикаментов и проб между этажами;"ездит на лифте через облако KONE и OTIS или отдельный модуль; отсеки открываются по паролю или NFC";"груз 10 кг на ярус; больничных кейсов не нашли";продается в России
clinic;ext-keenon-w3;Keenon W3;открытые источники;floor_delivery;Доставка медикаментов и проб между этажами;ездит на лифте с модулем E-box, продается в России;характеристики только от дистрибьютора, страница производителя не открылась;продается в России
clinic;ext-aethon-tug;Aethon TUG T3;открытые источники;cart_transport;Перевозка тележек с питанием, бельем и отходами;"возит 340-454 кг, сам вызывает лифт и открывает двери; опыт Aethon назван в источниках датасета организатора";продавца в России не нашли, цена только за 2008 год;продавца в России не нашли
clinic;ext-uvd-robots;UVD Robots Model C;открытые источники;disinfection;Обеззараживание палат ультрафиолетом;10-15 минут на палату по данным производителя;в России дистрибьютора не нашли, доза УФ не опубликована;продавца в России не нашли
clinic;ext-stk-evlampiy;Евлампий (СТК);открытые источники;disinfection;Обеззараживание помещений ультрафиолетом;российский, испытан два месяца в стоматологических клиниках;большинство характеристик не опубликовано, сайт продавца не открылся;нет данных о продаже
clinic;ext-skoltech-ultrabot;Ультработ (Сколтех);открытые источники;disinfection;Обеззараживание помещений ультрафиолетом;российская разработка;"прототип, купить нельзя; для склада такие решения мы не брали";прототип
clinic;446c5207-a099-45e0-b615-afd60de08589;R2B MARK 2 SE;каталог организатора;cleaning;Уборка помещений;робот-уборщик из каталога, сценарий «Уборка помещений»;больничных кейсов в каталоге нет;эксплуатация
clinic;f31223c1-44c8-4410-8381-6356e2158b61;Клинботикс (Cleanbotics) 400 PRO;каталог организатора;cleaning;Уборка помещений;робот-уборщик из каталога, сценарий «Уборка помещений»;больничных кейсов в каталоге нет;эксплуатация
clinic;5a5b3599-bd64-4330-9bbb-4f8ce7d780b9;Клинботикс (Cleanbotics) 600;каталог организатора;cleaning;Уборка помещений;робот-уборщик из каталога, сценарий «Уборка помещений»;больничных кейсов в каталоге нет;эксплуатация
clinic;e8960183-1828-4fdb-8c39-91f5a3523a96;РУБИ-С-03;каталог организатора;cleaning;Уборка помещений;робот-уборщик из каталога, сценарий «Уборка помещений»;больничных кейсов в каталоге нет;эксплуатация
clinic;9b20417a-0ac7-4786-985b-f3459a15075d;Unit;каталог организатора;cleaning;Уборка помещений;робот-уборщик из каталога, сценарий «Уборка помещений»;больничных кейсов в каталоге нет;пилот
clinic;e2095cfe-3ce4-404e-a4bb-2f378480d7ca;Автомакон АК-SC80;каталог организатора;cleaning;Уборка помещений;робот-уборщик из каталога, сценарий «Уборка помещений»;больничных кейсов в каталоге нет;эксплуатация
airport;ext-aurrigo-auto-dollytug;Aurrigo Auto-DollyTug;открытые источники;baggage_transport;Буксировка багажных тележек и перевозка контейнеров на перроне;"испытания в аэропорту Чанги, на этапе 2B четыре машины; тянет до 7,5 т и везет 1,5 т на себе";"скорость, время работы и цена не опубликованы; продавца в России не нашли";продавца в России не нашли
airport;ext-avidbots-neo-2;Avidbots Neo 2;открытые источники;cleaning;Уборка терминала;"производитель пишет, что Neo работает во многих аэропортах из рейтинга Skytrax; до 3 900 м2/ч";"производительность теоретическая; цена и минимальный проход не опубликованы; продавца в России не нашли";продавца в России не нашли
airport;ext-lg-cloi-guidebot;LG CLOi GuideBot;открытые источники;passenger_help;Сопровождение пассажиров по терминалу;работает в аэропорту Инчхон с 2018 года, провожает до выхода на посадку;"LG отмечает модель как снятую с производства; продавца в России не нашли";снят с производства
