product;field;value;unit;source;source_type;quote;retrieved;note;current
MiR600;battery_kwh;1.63;кВт*ч;https://www.spie-automation.com/wp-content/uploads/MiR600-Specifications-2.96.pdf;производитель;Battery capacity 1.63 kWh (34.2 Ah at 47.7 V);2026-09-24;"аналог: MiR600 (AMR 600 кг); паспорт MiR версии 2.96, копия у интегратора SPIE, на официальной странице емкости нет. 1,63 / 8,33 ч = около 0,2 кВт с полным грузом";
MiR600;runtime_h;8.33;ч;https://www.spie-automation.com/wp-content/uploads/MiR600-Specifications-2.96.pdf;производитель;Active operation time with maximum payload 8 h 20 m;2026-09-24;"аналог: MiR600; без груза 10 ч 45 мин";
MiR600;runtime_h;8.5;ч;https://mobile-industrial-robots.com/products/robots/mir600/specifications;производитель;With maximum payload: up to 8 h 30 min;2026-09-24;"аналог: MiR600; актуальная страница, без груза до 11 ч; емкость батареи здесь не указана";да
MiR600;battery_cycles;3000;циклов;https://mobile-industrial-robots.com/products/robots/mir600/specifications;производитель;Minimum 3 000 cycles;2026-09-24;"аналог: MiR600; циклов до падения емкости ниже 80%";да
MiR1350;runtime_h;6.75;ч;https://mobile-industrial-robots.com/products/robots/mir1350/specifications;производитель;Active operation time with maximum payload 6 h 45 m;2026-09-24;"аналог: MiR1350 (AMR 1350 кг); без груза 9 ч 50 мин; емкость батареи на странице не указана";да
MiR1350;battery_cycles;3000;циклов;https://mobile-industrial-robots.com/products/robots/mir1350/specifications;производитель;Minimum 3 000 cycles;2026-09-24;аналог: MiR1350;да
OTTO 1500;battery_v_ah;52.8 В / 80 А*ч;В, А*ч;https://s3.amazonaws.com/assets.ottomotors.com/pdf/OTTO-1500-Data-Sheet.pdf;производитель;"Battery Capacity ... 80 Ah; Battery Voltage 52.8 V";2026-09-24;"аналог: OTTO 1500 v2 (1500 кг, класс H1500); 80 * 52,8 = 4,2 кВт*ч; текст извлечен из PDF, таблица разорвана по колонкам";
OTTO 1500;runtime_h;10;ч;https://s3.amazonaws.com/assets.ottomotors.com/pdf/OTTO-1500-Data-Sheet.pdf;производитель;Runtime (10% to 90%) ... 10 hr;2026-09-24;"аналог: OTTO 1500 v2; 4,2 кВт*ч * 0,8 / 10 ч = около 0,34 кВт; зарядка 10-90% за 60 мин током 80 А";
OTTO 1500;battery_cycles;3000;циклов;https://s3.amazonaws.com/assets.ottomotors.com/pdf/OTTO-1500-Data-Sheet.pdf;производитель;Battery Life 3,000 full charge cycles;2026-09-24;аналог: OTTO 1500 v2;
Hikrobot Q7-1000E;battery_v_ah;48 В / 44 А*ч;В, А*ч;https://www.ztec.dk/shop/hik-q7-1000e-hikrobot-q7-1000e-24975;интегратор;Battery Type LiFePO4 Rated Voltage 48 V Capacity 44 Ah;2026-09-24;"аналог: Hikrobot Q7-1000E (подъемный робот 1000 кг); 48 * 44 = 2,1 кВт*ч; дилер ZTEC (Дания)";
Hikrobot Q7-1000E;runtime_h;6–8;ч;https://www.ztec.dk/shop/hik-q7-1000e-hikrobot-q7-1000e-24975;интегратор;Run Time 6 h to 8 h Charging Time ≤ 2 h;2026-09-24;"аналог: Hikrobot Q7-1000E; 2,1 кВт*ч / 6-8 ч = 0,26-0,35 кВт";
Hikrobot Q7-1000E;battery_cycles;1500;циклов;https://www.ztec.dk/shop/hik-q7-1000e-hikrobot-q7-1000e-24975;интегратор;Charging Cycle 1500 times (for fully charging and discharging) or 30 months;2026-09-24;"аналог: Hikrobot Q7-1000E; или 30 месяцев";
Gausium Scrubber 50;battery_v_ah;24 В / 60 А*ч;В, А*ч;https://gausium.com/specs/scrubber50/;производитель;Lithium Iron Phosphate, 60 Ah, 24 VDC;2026-09-24;"аналог: Gausium Scrubber 50 (робот-поломойка); 24 * 60 = 1,44 кВт*ч; зарядка 2 ч";да
Gausium Scrubber 50;runtime_h;3;ч;https://gausium.com/specs/scrubber50/;производитель;Scrubbing 3h, Dust Mopping 8 h;2026-09-24;"аналог: Gausium Scrubber 50; мойка 3 ч: 1,44 / 3 = около 0,48 кВт";да
Gausium Scrubber 75;battery_v_ah;24 В / 200 А*ч;В, А*ч;https://gausium.com/specs/scrubber-75/;производитель;"Lithium Iron Phosphate; 200 Ah; 24 VDC";2026-09-24;"аналог: Gausium Scrubber 75; 24 * 200 = 4,8 кВт*ч; зарядка около 5 ч";да
Gausium Scrubber 75;runtime_h;4–6;ч;https://gausium.com/specs/scrubber-75/;производитель;Runtime ≈ 4-6 h;2026-09-24;"аналог: Gausium Scrubber 75; 4,8 / 4-6 ч = 0,8-1,2 кВт";да
Gausium Scrubber 75;power_kw;2.0;кВт;https://gausium.com/specs/scrubber-75/;производитель;Rated Power 2,000 W (2.6 hp);2026-09-24;"аналог: Gausium Scrubber 75; номинальная мощность, средняя по батарее 0,8-1,2 кВт";да
Tennant T7AMR;battery_v_ah;24 В / 360 А*ч;В, А*ч;https://www.tennantco.com/content/dam/tennant/tennantco/products/machines/scrubber%20riders/t380amr/t380amr-t7amr-specifications-en-noam.pdf;производитель;Lithium Ion, 360 Ah (Qty: 4) ... System Voltage 24 Volts;2026-09-24;"аналог: Tennant T7AMR; 24 * 360 = 8,6 кВт*ч, если 360 А*ч это емкость всей сборки из 4 батарей (так читается таблица); спецификация Rev 3/2022";
Tennant T7AMR;runtime_h;6;ч;https://www.tennantco.com/content/dam/tennant/tennantco/products/machines/scrubber%20riders/t380amr/t380amr-t7amr-specifications-en-noam.pdf;производитель;Up to 4 hours (FLA) and 6 hours (Lithium);2026-09-24;"аналог: Tennant T7AMR; литий 6 ч: 8,6 / 6 = около 1,4 кВт";
Pudu CC1 Pro;battery_v_ah;23–29,2 В / 50 А*ч;В, А*ч;https://log-robot.com/files/dateien/Downloads/PUDU_CC1_Pro_Product_Intro_EN.pdf;производитель;"Operating Voltage DC 23V~29.2V; Battery Type Lithium Iron Phosphate (LiFePO₄) Battery; Battery Capacity 50 Ah";2026-09-24;"аналог: Pudu CC1 Pro; около 25,6 В * 50 = 1,3 кВт*ч; презентация производителя на сайте дилера log-robot.com";
Pudu CC1;runtime_h;5;ч;https://www.pudurobotics.com/en/products/puduCC1;производитель;Scrubbing: 5 h;2026-09-24;"аналог: Pudu CC1; мойка 5 ч, тихая влажная уборка 9 ч, зарядка < 3 ч; 1,3 / 5 = около 0,26 кВт";да
Ronavi H1500;maintenance_share_year;0.10;доля в год;https://ronavi-robotics.ru/media/l8s0fty3m1-kak-schitat-stoimost-vladeniya-tco-logis;производитель;Обслуживание и поддержка — около 10% от стоимости в год (~300 тыс. руб.);2026-09-24;"не аналог, сам H1500: пример расчета Ronavi от 16.05.2025 для робота за 3 млн руб; там же от 10% стоимости проекта в год на сопровождение, обновления ПО, профилактику и ремонт";
AMR, ориентир ассоциации A3;maintenance_share_year;0.05;доля в год;https://habr.com/ru/articles/1072512/;СМИ;ROI-калькулятора A3, отраслевой ассоциации: 5% стоимости системы в год;2026-09-24;"аналог: норматив калькулятора A3 для роботизированных систем в пересказе автора Хабра (2026); сам калькулятор A3 не открывал";
AMR за 50 000 USD (пример TCO);maintenance_share_year;0.04;доля в год;https://qviro.com/blog/cost-of-autonomous-mobile-robots/;СМИ;Initial Purchase Price: $50,000 ... Maintenance: $2,000/year;2026-09-24;"аналог: условный AMR из примера расчета TCO; 2000 / 50 000 = 4%; статья 2024, обновлена 16.06.2026";
Промышленный робот (манипулятор);maintenance_share_year;0.01–0.03;доля в год;https://prideautomatics.com/skolko-stoit-robotizaciya;интегратор;Ежегодные расходы на запчасти и плановое ТО — 1–3% от стоимости оборудования.;2026-09-24;"аналог слабый: роботизированные ячейки с манипуляторами, не AMR; только запчасти и плановое ТО, без ПО и ремонта";
AGV/AMR (обзор CHG-MERIDIAN);commissioning_share;0.30;доля от цены оборудования;https://www.chg-meridian.com/us-en/insights/blog/agv-amr-adoption-financing/;СМИ;For every dollar spent on AGV or AMR equipment, plan to spend approximately 30% more on engineering, solution design, and deployment.;2026-09-24;"аналог: ориентир лизинговой компании для AGV/AMR, США, обновлено 08.05.2026; включает картирование, интеграцию и ПО парка";
Проект AMR (Ronavi);commissioning_share;доля оборудования 30–80% проекта;;https://journal.reindustry-expo.ru/stoimost-robotizacii/;СМИ;Доля «железа» в нём может быть разной: 30%, 50%, иногда 80%;2026-09-24;"аналог: слова коммерческого директора Ronavi О. Розанова, 17.10.2025; на все прочее (внедрение, ПО, инфраструктура) выходит 25-230% от цены роботов, вилка слишком широкая для расчета";
RMS Ronavi;software_rub;500 000–2 000 000;руб;https://ronavi-robotics.ru/media/l8s0fty3m1-kak-schitat-stoimost-vladeniya-tco-logis;производитель;Стоимость внедрения RMS (системы управления роботами) и интеграции обычно составляет от 500 тыс. до 2 млн;2026-09-24;"аналог по ПО парка для H1500: внедрение RMS вместе с интеграцией с WMS/ERP, на проект, не на робота; статья 16.05.2025";
Robotsman RMS;software_rub;от 1 000 000;руб;https://robotsman.com/rms;производитель;Стоимость простой (неисключительной) бессрочной лицензии на использование ПО — от 1 млн руб в зависимости от количества роботов.;2026-09-24;"аналог: российская платформа управления логистическими роботами; бессрочная лицензия, НДС не облагается; интеграция и доработки отдельно";да
Robotsman RMS;license_rub_year;60000;руб/год на робота;https://robotsman.com/rms;производитель;базовая ежемесячная стоимость ПО — 5 000 рублей в месяц за 1 единицу оборудования;2026-09-24;"аналог: подписка 5000 руб/мес * 12 = 60 000 руб в год на робота; минимальная стоимость решения от 500 тыс. руб";да
AMR за 50 000 USD (пример TCO);license_rub_year;1000 USD;USD/год на робота;https://qviro.com/blog/cost-of-autonomous-mobile-robots/;СМИ;Software Updates: $1,000/year;2026-09-24;аналог: условный пример расчета TCO, в рубли не пересчитано;
LiFePO4 48 В 100 А*ч (lifepo4.ru);battery_price_rub;168800;руб;https://lifepo4.ru/akkumulyator-lifepo4-48v-100ah;интегратор;168 800 руб.;2026-09-24;"аналог тяговой батареи AMR: 48 В 100 А*ч = 4,8 кВт*ч, около 35 000 руб за кВт*ч; BMS 60 А, сборка под заказ, гарантия 12 мес";
LiFePO4 48 В 100 А*ч (lifepo4.ru);battery_cycles;2000;циклов;https://lifepo4.ru/akkumulyator-lifepo4-48v-100ah;интегратор;При жесткой эксплуатации аккумулятор выдерживает 2000 циклов заряд/разряда до потери 20% ёмкости, а при щадящем режиме – до 8000 циклов.;2026-09-24;аналог: сборка LiFePO4 48 В;
Тяговая LiFePO4 BEF48V100Ah (Альто);battery_price_rub;265200;руб;https://alto74.ru/catalog/akkumulyatory_dlya_tekhniki/akkumulyatory_litievye_tyagovye/2023/;интегратор;265 200 ₽ /шт;2026-09-24;"аналог тяговой батареи складской техники: 48 В 100 А*ч = 4,8 кВт*ч, около 55 000 руб за кВт*ч; BMS 300 А, гарантия 36 мес";
Тяговая LiFePO4 BEF48V100Ah (Альто);battery_cycles;до 8000;циклов;https://alto74.ru/catalog/akkumulyatory_dlya_tekhniki/akkumulyatory_litievye_tyagovye/2023/;интегратор;Кол-во рабочих циклов – от 2000 до 8000;2026-09-24;аналог: заявление продавца, условия не указаны;
Everest LFP-24V 60Ah PRO;battery_price_rub;59850;руб;https://www.h-energy.ru/akb-li-48v-350-460ah/;интегратор;Everest LFP-24V 60Аh - PRO ... LiFePO4 59 850 руб.;2026-09-24;"аналог батареи робота-уборщика размера Gausium Scrubber 50 (24 В 60 А*ч = 1,44 кВт*ч): около 41 500 руб за кВт*ч; литий для поломоечных машин";
Everest LFP-24V 150Ah PRO;battery_price_rub;135518;руб;https://www.h-energy.ru/akb-li-48v-350-460ah/;интегратор;Everest LFP-24V 150Аh PRO ... 135 518 руб.;2026-09-24;"аналог: 24 В 150 А*ч = 3,6 кВт*ч, около 37 600 руб за кВт*ч; литий для поломоечных машин";
Тяговая LiFePO4 48 В 500 А*ч (ХИТ);battery_cycles;3000;циклов;https://hit-com.ru/catalog/li-ion/lifepo4-akb-48/lifepo4-48-500/;интегратор;Не менее 3000 циклов ... Не менее 5 лет;2026-09-24;"аналог: тяговая батарея погрузчика; ресурс не менее 3000 циклов, срок службы не менее 5 лет; цена по запросу";
Зарядная станция Ronavi;charger_price_rub;200 000–400 000;руб;https://ronavi-robotics.ru/media/l8s0fty3m1-kak-schitat-stoimost-vladeniya-tco-logis;производитель;зарядные станции (200−400 тыс. рублей каждая);2026-09-24;"для H1500, статья 16.05.2025; актуальная цена Ronavi Charger 450 000 руб уже есть в sources.csv";
Зарядная станция Ronavi;robots_per_charger;4–5;роботов на станцию;https://ronavi-robotics.ru/media/3fhram4mk1-skolko-stoyat-logisticheskie-roboti;производитель;В среднем одна станция рассчитана на 4−5 роботов , её стоимость — около 450 тыс. рублей;2026-09-24;"для роботов Ronavi, статья 24.04.2025; при зарядке 10-15 мин каждые 45-50 мин работы";
Unit (YaCuAi);service_life_years;>5;лет;https://yacuai.com/ru/unit/;производитель;Срок эксплуатации устройства составляет более 5 лет.;2026-09-24;аналог: российский робот-поломойка Unit, 2 300 000 руб, гарантия 1 год;да
AMR (любой производитель);service_life_years;не найдено;;;;;2026-09-24;искал у MiR, OTTO, Hikrobot, Geek+, Ronavi и в обзорах TCO: срок службы робота в годах производители не публикуют, только ресурс батареи (1500-3000 циклов);
R2B Mark 2 SE;raas_fee_rub_month;100000;руб/мес;https://r2b.company/rent;производитель;Аренда робота-уборщика от 100 000 ₽/мес;2026-09-24;"аналог для робота-уборщика; входят специалист-интегратор, обучение и удаленная поддержка; то же значение уже есть в sources.csv со страницы r2b.company/mark2se";
Zapan Q3G;raas_fee_rub_month;80000;руб/мес;https://zapan-robot.ru/arenda.html;интегратор;Робот-мойщик Zapan Q3G 80 000 ₽/мес;2026-09-24;"аналог для робота-уборщика; там же ZapanBots SW55 для ковролина 80 000 ₽/мес; срок от 7 дней до 36 мес, есть аренда с выкупом";
Ronavi H1500;raas_fee_rub_month;150000;руб/мес;https://ronavi-robotics.ru/media/l8s0fty3m1-kak-schitat-stoimost-vladeniya-tco-logis;производитель;Аренда 5 роботов на 3 месяца пиков — по 150 тыс. руб. в месяц = 2,25 млн рублей;2026-09-24;"не аналог, сам H1500: краткосрочная аренда на сезонный пик (3 мес), пример Ronavi 16.05.2025; в модели 100 тыс. (подписка 2019 года); там же лизинг около 200 тыс./мес";
Ronavi H1500;raas_fee_rub_month;1200 руб за операцию или час;руб/ч;https://ronavi-robotics.ru/media/l8s0fty3m1-kak-schitat-stoimost-vladeniya-tco-logis;производитель;При pay-per-use ставка составляет примерно 1200 рублей за операцию или час работы.;2026-09-24;"не аналог, сам H1500: оплата за использование; при 22 ч в сутки это порядка 800 тыс. руб в месяц";
