catalog_id;product;industry;page;card;tested_fcbas;registry_719
5760e938-9a43-45a7-b8e8-f4f2e6383930;Ronavi H1500 (грузоподъемность до 1 500 кг);Торговля и услуги;6;1;0;0
3f2aaa1b-2237-4d7b-b215-1ac5ec789ed5;Ronavi SR (грузоподъемность до 50 кг);Торговля и услуги;6;2;0;0
6f3da854-41da-4363-8496-5487f37c845a;Ronavi H2000 (грузоподъемность до 2 000 кг);Торговля и услуги;6;3;0;0
66d8e7ad-cdcd-4287-afb0-e2afa9ef5217;Ronavi SD (грузоподъемность до 10 кг);Торговля и услуги;7;1;0;0
dcfd9975-81eb-49b5-a422-827a720ba582;Ronavi M (грузоподъемность до 1200 кг);Торговля и услуги;7;2;0;0
4d347e47-38f9-415b-aae1-7a6d3759a75c;Ronavi RCM (грузоподъемность до 350 кг);Торговля и услуги;7;3;0;0
89ffd69f-f07b-4bf2-8023-1fd765a2b6ff;AMR 100 (грузоподъемность до 100 кг);Торговля и услуги;8;1;0;0
5ec66969-8fcc-47b3-b517-a9c29372fffe;AMR 800 (грузоподъемность до 800 кг);Торговля и услуги;8;2;1;0
7d5a76d2-7bf3-4a40-b6f7-64590d4d9273;AMR 1500 (грузоподъемность до 1 500 кг);Торговля и услуги;8;3;1;0
cccd0c0d-8ae7-435d-a171-45f5d82886e6;DMR 1200 (грузоподъемность до 1 200 кг);Торговля и услуги;9;1;1;0
be814758-3616-4b94-befa-9848be2ac604;DMR 600 (грузоподъемность до 600 кг);Торговля и услуги;9;2;1;1
993d980e-8b91-45e0-9c98-50ffab6e11e4;Сёмабот (грузоподъемность до 1 500 кг);Торговля и услуги;9;3;1;1
f7634ef8-0034-4c5b-b2f0-e44a14f05a76;DMR Carrier P;Торговля и услуги;10;1;0;0
5a36611d-033e-4893-bd49-5d4f776f57dd;AK-2000-2;Торговля и услуги;10;2;0;0
2ffc706d-fe43-4c2b-baad-a624a95ad3ce;Робот-штабелёр RoboCV;Торговля и услуги;10;3;0;0
b4a9ef38-b68a-4c0f-8512-9bc9a718c4e1;Робот-тягач RoboCV;Торговля и услуги;11;1;0;0
0ece582a-084c-4a8b-99f4-576f0e01b7c8;SmartCube;Торговля и услуги;11;2;0;0
19a68304-56f7-432f-afd8-b97b2b8466ba;Беспилотный погрузчик;Торговля и услуги;11;3;0;0
ecd7d582-b342-449a-b43b-66288d159a32;MULE;Торговля и услуги;12;1;0;0
e8960183-1828-4fdb-8c39-91f5a3523a96;РУБИ-С-03;Торговля и услуги;12;2;1;0
446c5207-a099-45e0-b615-afd60de08589;MARK 2 SE;Торговля и услуги;12;3;1;0
e2095cfe-3ce4-404e-a4bb-2f378480d7ca;АК-SC80;Торговля и услуги;13;1;0;0
f31223c1-44c8-4410-8381-6356e2158b61;Клинботикс 400 PRO;Торговля и услуги;13;2;1;0
5a5b3599-bd64-4330-9bbb-4f8ce7d780b9;Клинботикс 600;Торговля и услуги;13;3;1;0
9b20417a-0ac7-4786-985b-f3459a15075d;Unit;Торговля и услуги;14;1;0;0
ce44017e-6ada-421d-bbce-6869b33c2cda;Модель А25-1720;Торговля и услуги;14;2;0;1
fceeacf0-579f-46cc-92ff-2057fea5da7f;Модель А12-1450;Торговля и услуги;14;3;0;1
cebbdfa8-500a-425f-bcbc-ad2dcc106539;AS-RS P;Торговля и услуги;15;1;0;1
c125ce9a-8f04-4183-a136-5ddbb3c5ae89;AS-RS B;Торговля и услуги;15;2;0;1
eff2586c-892d-4e44-a407-1ec7f06c8f76;Pallet Shuttle;Торговля и услуги;15;3;0;0
c3d39a80-5fb9-42d3-82ae-0696fb647128;Робот-комплектовщик;Торговля и услуги;16;1;0;0
c87a27d2-065f-4b82-9ccc-91078a56ef15;Роборука;Торговля и услуги;16;2;0;0
05505022-3ef7-43da-8279-718e7c432491;Pick by Voice;Торговля и услуги;16;3;0;0
a556b956-a781-4c38-9fc8-7daeca279b59;Pick by light;Торговля и услуги;17;1;0;0
9dfb0b55-4d9e-47fc-8a28-ad4390147a26;Робот инвентаризатор;Торговля и услуги;17;2;0;0
242d637c-6512-4bdf-9964-2c0010259f36;Инвентаризатор AI Stock Counter 12M;Торговля и услуги;17;3;0;0
db02c054-a08a-4ddf-a957-6137eeef93ba;Яндекс-ровер R 4.0;Торговля и услуги;18;1;0;0
fbd349c2-88c1-412f-95c2-96a8383217ed;Аркус;Торговля и услуги;18;2;0;0
fade5829-1946-4cf6-a0e6-8f8381d64312;Promobot V.4;Торговля и услуги;18;3;0;0
80c41c98-283d-4a29-8fce-4b9e6a1afce3;Арди;Торговля и услуги;19;1;0;0
a9c720bc-e618-4dcc-90e1-990c5a3d1ae2;Грин;Торговля и услуги;19;2;0;0
c70f67e1-8f70-4dff-a4e2-584f0ebaefa1;Айдол;Торговля и услуги;19;3;0;0
1615bcc8-7168-48b2-b2d3-99a9b89f54c0;R-Cafe 1.3;Торговля и услуги;20;1;0;0
7cd0705f-0615-4abd-9c1d-00ff384ffb51;Фудтрак;Торговля и услуги;20;2;0;0
4dc9e1a3-441b-440c-931c-8011f7869dcf;Воркер;Торговля и услуги;20;3;0;0
69437741-0523-499a-820a-cb375c1bf1ca;IQ-BUS V;Торговля и услуги;21;1;0;0
644aaab9-6ce1-4639-a60a-ed753f8bd589;Роботизированная передвижная зарядная станция для электромобилей;Торговля и услуги;21;2;0;0
cdf80f5b-c60a-447b-af30-2c8a44480f98;Белка;Торговля и услуги;21;3;0;0
0a4cab58-e194-4329-8f23-6074a5f7455f;RC5-16;Промышленность;23;1;0;0
72acd18d-325d-4a3e-9472-093ecdcdbb4b;Берилл;Промышленность;23;2;0;0
0f4d3500-ce64-4525-a1c1-bfb542c022d3;RH06A2;Промышленность;23;3;0;0
d6f3eec1-61c1-40ac-98b1-0f5d80877cb7;ARM95-200 (грузоподъемность до 18 кг);Промышленность;24;1;0;0
7cd137fa-d946-4603-9ef3-e36914001ae8;Робототехнический комплекс REDLOAD PRO 10 COBOT;Промышленность;24;2;0;0
eb72e89f-014f-4583-903c-c03be3bcfa1d;Робототехнический комплекс REDWELD BASIC;Промышленность;24;3;0;0
8a0e653f-b151-46b9-8195-ab8c275a8007;Робототехнический комплекс REDWELD PRO 10 COBOT;Промышленность;25;1;0;0
1906efb4-3ed1-4882-ad33-2a527ef214ac;Модель А6-2000;Промышленность;25;2;0;1
50005fcd-0788-4d5a-b133-bdb2f8ee0863;Учебная ячейка REDEDUCATION PRO;Промышленность;25;3;0;0
ce44017e-6ada-421d-bbce-6869b33c2cda;Модель А25-1720;Промышленность;26;1;0;1
b6b87828-0604-4874-8ea9-46c513840c23;Модель А220-2700;Промышленность;26;2;0;1
fceeacf0-579f-46cc-92ff-2057fea5da7f;Модель А12-1450;Промышленность;26;3;0;1
e11fd28e-58be-448d-b32d-236e4de8d6d8;D. Operator P;Промышленность;27;1;0;0
92c20e09-7763-4649-bc50-11381fe2818c;Дельта-робот;Промышленность;27;2;0;0
a83abbfd-78ee-43dc-9111-f51db4938001;DMR 300 Carrier B;Промышленность;27;3;0;1
be814758-3616-4b94-befa-9848be2ac604;DMR 600 (грузоподъемность до 600 кг);Промышленность;28;1;1;1
5b43b013-3a2e-42ca-9013-33d0a9c39b05;DMP 15000;Промышленность;28;2;0;0
5760e938-9a43-45a7-b8e8-f4f2e6383930;Ronavi H1500 (грузоподъемность до 1 500 кг);Промышленность;28;3;0;0
6f3da854-41da-4363-8496-5487f37c845a;Ronavi H2000 (грузоподъемность до 2 000 кг);Промышленность;29;1;0;0
c9e9517c-18f0-47b4-aa05-4344566aa885;Tagarka (грузоподъемность до 6 000 кг);Промышленность;29;2;0;0
3f2a1265-3c35-4823-9d20-1978c86e424b;Tagarka (грузоподъемность до 35 000 кг);Промышленность;29;3;0;0
0265d700-534e-417e-8fde-47de88fc3ebb;Робот для транспортировки деталей и инструментов;Промышленность;30;1;0;0
d55f507b-b3f2-4666-b3f4-dd3d48813e9d;ARIPIX А1;Промышленность;30;2;0;0
22b5ba99-bc4f-46a7-9a9b-e4475ecd9fc7;Роботизированный комплекс по укладке заготовок;Промышленность;30;3;0;0
937da5de-b4a1-4a88-ac6d-a97206bdbe98;Робот-паук;Промышленность;31;1;0;0
7dcb35ee-d630-408a-a3d7-54797ac162db;Яша;Промышленность;31;2;0;0
c9c11d90-43b8-450f-b778-65d4f02db031;Робот-лаборант;Промышленность;31;3;0;0
0073d0bb-54cd-40f0-897b-75b22d3e9f8c;Легат Патрол;Промышленность;32;1;0;0
6c0df6e9-ea39-40d2-93af-7aec13d629c7;Геоскан 401;Сельское хозяйство;34;1;0;0
8dbe4684-18ef-49f7-bced-95969703a49a;Supercam X4E;Сельское хозяйство;34;2;0;0
6d9890b0-d95a-4bae-8947-0a09d23c30e5;Supercam Х6М2;Сельское хозяйство;34;3;0;0
93ad5785-a2bb-47a2-b611-1b9b857cea48;ДИАМ 20К;Сельское хозяйство;35;1;0;0
f1c8478c-86c2-4381-96db-08e0ae889b41;Геоскан 701;Сельское хозяйство;35;2;0;1
3d8ff7d4-19fb-4a21-bc4a-15fb13ad3393;Геоскан 201;Сельское хозяйство;35;3;0;1
19283c8d-abfd-41a4-a4dd-846392728ea9;Геоскан 201 Агро;Сельское хозяйство;36;1;0;0
79b43d24-a12d-4852-a1b2-db6090f3c824;Кати;Сельское хозяйство;36;2;0;0
f381872e-d6aa-43b6-be2a-ba36cc9eb90a;Колесный робот;Сельское хозяйство;36;3;0;0
aa8e3b27-df64-4a6a-9248-b1eedb41dd4e;Волшебник;Сельское хозяйство;37;1;0;0
6a8c6254-6885-42bd-afb7-b3b4095fb972;Роботизированный автономный минитрактор CP;Сельское хозяйство;37;2;0;0
c8331668-727b-4b5f-a39f-bff2248beb5e;85ТК;Сельское хозяйство;37;3;0;0
9186592a-aa17-47a3-b1bb-1477d71cf28d;Агробот;Сельское хозяйство;38;1;0;0
3d96dcc2-134a-4f9c-85d1-51963038edab;Роботизированный трактор с гибридной силовой установкой;Сельское хозяйство;38;2;0;0
bd7a808d-3f50-4bd0-93e9-87e9646cfb26;MARK A (Agro);Сельское хозяйство;38;3;0;0
3a18c8b1-ac3d-4a67-a814-b96ef4e58388;Роботизированная платформа для выборочного сбора плодов;Сельское хозяйство;39;1;0;0
3ab89426-fb2c-4f49-b7f9-36fc34a3c98f;Кировец Агробот;Сельское хозяйство;39;2;0;0
74469f3b-8248-46ce-bcd4-34cd8731921c;Интеллектуальный робот-манипулятор для автоматического сбора томатов;Сельское хозяйство;39;3;0;0
4469b185-99a3-4ba0-a95a-d5dd6946303a;Система автоматизированного сбора ягод с использованием группы мобильных роботов;Сельское хозяйство;40;1;0;0
98ceb2a0-f777-48ef-9863-3f9a80f8a237;COGNITIVE AGRO PILOT для трактора с ИИ;Сельское хозяйство;40;2;0;1
cbaf82f3-3cf4-4ac8-9b8f-eddfdeb337ce;А-50;Сельское хозяйство;40;3;0;0
1aaa2bd1-c536-41e1-80f0-0f81ab1455b5;ИРБИС;Сельское хозяйство;41;1;0;0
bec9e863-0c3d-44cc-a656-766a323a9746;Внутритрубные роботизированные системы Тьюбот;ЖКХ;43;1;0;0
08ff32f6-6023-4b20-b528-322678f43910;Серия Sigma (100D, 150, 200, 250А);ЖКХ;43;2;0;0
807309a0-adcf-46ae-a3ea-bd211588c856;Роботизированный диагностический комплекс;ЖКХ;43;3;0;0
32bea36f-5198-4f16-a167-2e47acd63bd9;Внутренняя диагностика труб ЖКХ;ЖКХ;44;1;0;0
f0e502e3-5771-4464-a1df-97110801c7c3;Беспилотный бульдозер;ЖКХ;44;2;0;0
ba5d2051-3036-439f-8b2e-e05e26581fe6;БРО 2.1;ЖКХ;44;3;1;0
ef375ca1-8de1-4a8d-9262-c1a6b71f0333;БРО 3.0;ЖКХ;45;1;1;0
2f46660e-ea20-4845-9620-8c743b03225b;Пиксель;ЖКХ;45;2;1;0
d4b39362-518a-4cf2-8770-b69bc03585a0;Веном Саранча;ЖКХ;45;3;1;0
5cecfb84-143b-4af7-89fb-afbf57403792;МАРК;ЖКХ;46;1;0;0
0b9f76be-8213-4938-9661-2bb669dc3d33;Депеша-3;ЖКХ;46;2;0;0
1625ac11-76d0-4994-a86a-e0a540453984;Astramis SurfexUnit;ЖКХ;46;3;0;0
94795e84-261d-456f-a58c-66b3e79a8213;Беспилотный каток;ЖКХ;47;1;0;0
f2b0dca0-0e77-454d-8d41-d6198a2a82b8;Беспилотный асфальтоукладчик;ЖКХ;47;2;0;0
9a941386-07e2-4350-ae35-f0d37a1d9f3f;Атлант;ЖКХ;47;3;0;0
9f06ff5b-0ed4-42e4-9795-b2cf3ac55fbb;Марк;ЖКХ;48;1;0;0
7ad0ceb9-6ea8-4862-9e52-8b352a8b3dda;Сибирячок;ЖКХ;48;2;0;0
018cc2dd-3dfe-4bd2-aac6-f54cbebd783e;Морской скорпион;ЖКХ;48;3;0;0
a51bb921-1931-474f-974e-7c37f9fd9aa0;Astramis AeroUnit;ЖКХ;49;1;0;0
f1c8478c-86c2-4381-96db-08e0ae889b41;Геоскан 701;Строительство;51;1;0;1
6c0df6e9-ea39-40d2-93af-7aec13d629c7;Геоскан 401;Строительство;51;2;0;0
33fca97e-ef4f-459d-a773-ab58b7f84fd5;Геоскан 401 Геодезия;Строительство;51;3;0;0
845b14b5-e469-4676-a3f3-39725fc6354e;Геоскан 401 Лидар;Строительство;52;1;0;0
b639b73b-9c1e-4eec-af6f-9662e1d1d171;Альбатрос М5;Строительство;52;2;0;1
8dbe4684-18ef-49f7-bced-95969703a49a;Supercam X4E;Строительство;52;3;0;0
c293732e-214e-4473-93fd-15db477db3af;Геоскан Gemini;Строительство;53;1;0;0
ccb79192-b9e8-418d-b7bd-eb26c78ee461;Легионер Е29;Строительство;53;2;0;0
a3b4c902-9e1b-454b-a2bf-01c6d0e98bdb;АМТ S300;Строительство;53;3;0;0
1f82ce16-5670-4903-a4ea-bfdbbc710f20;Комплекс управления кранами ВИРСАЙН СДУ;Строительство;54;1;0;0
192ce3de-958f-4bad-9440-c2b3ab56634a;МРСК;Строительство;54;2;0;0
164329f5-2baf-47bd-86d5-adabb2fbcbc0;DH: Cloud Control;Строительство;54;3;0;0
441fadd3-016a-43f9-a331-f6e757c04ce9;Cargo UNIT;Строительство;55;1;0;0
ee36ba78-6a9f-4ef8-9296-8ffa022782cd;Дефектоскоп;Строительство;55;2;0;0
3d8ff7d4-19fb-4a21-bc4a-15fb13ad3393;Геоскан 201;Строительство;55;3;0;1
3c19d4d7-f1b7-4c46-8169-6c3b6b9345fb;Azarrus 1.0A;Строительство;56;1;0;0
51505cb4-2db8-498b-a16c-421e6b816f82;Innospector;Строительство;56;2;0;0
f347978a-e6d5-473c-be89-2209a2d8c003;БВС ОМДЖЕТ -М01;Строительство;56;3;0;0
7ad0ceb9-6ea8-4862-9e52-8b352a8b3dda;Сибирячок;Строительство;57;1;0;0
c05b1315-5e53-46fe-bbc1-a5eb6a1aa6ae;Omega;Строительство;57;2;0;0
f1c8478c-86c2-4381-96db-08e0ae889b41;Геоскан 701;ТЭК;59;1;0;1
6c0df6e9-ea39-40d2-93af-7aec13d629c7;Геоскан 401;ТЭК;59;2;0;0
33fca97e-ef4f-459d-a773-ab58b7f84fd5;Геоскан 401 Геодезия;ТЭК;59;3;0;0
3d8ff7d4-19fb-4a21-bc4a-15fb13ad3393;Геоскан 201;ТЭК;60;1;0;1
4d5900ff-77ef-4536-8077-7f18bc242a53;Supercam X4;ТЭК;60;2;0;1
8dbe4684-18ef-49f7-bced-95969703a49a;Supercam X4E;ТЭК;60;3;0;0
93ad5785-a2bb-47a2-b611-1b9b857cea48;ДИАМ 20К;ТЭК;61;1;0;0
5778fa74-615d-4f5e-8660-70d0d7ee4b88;MARTin;ТЭК;61;2;0;0
bec9e863-0c3d-44cc-a656-766a323a9746;Внутритрубные роботизированные системы Тьюбот;ТЭК;61;3;0;0
8ab1ea05-1c09-4f71-88a4-fffb0b725d6b;Херсонес;ТЭК;62;1;0;0
45487628-a2c6-421f-9ea4-761b6c3be240;МК;ТЭК;62;2;0;0
60023f03-3a54-4d12-a1d7-6a00f8a353be;БЭК-Р;ТЭК;62;3;0;0
3416f6ec-ccf2-457f-b076-fa9d09648e33;"БЭК ""Сивуч""";ТЭК;63;1;0;0
cd5058fb-f2d3-4bd2-8213-5e708d1cef3b;РБ-100;ТЭК;63;2;0;0
e0a7a647-8cdf-471a-bf6f-dff6ec9cec7d;РБ-150;ТЭК;63;3;0;0
5e346a9f-abe8-4aad-a2c2-87ba696942e8;РБ-300;ТЭК;64;1;0;0
dc9e8ee5-17bf-422d-a621-daa8876e385c;РБ-600;ТЭК;64;2;0;0
aa6c4a0f-08d6-4e18-aae3-cb3856324c9c;РБ-Мираж 1000;ТЭК;64;3;0;0
4051cac7-0e4b-408e-b9c0-71fb93471ff7;ТНПА «ГНОМ Про Вектор»;ТЭК;65;1;0;0
0a2e93bc-ebd4-4f0e-a4f5-c6097fe7a9b1;ТНПА «ГНОМ Про»;ТЭК;65;2;0;0
012ceb2f-4831-4039-a8db-64e6764884fb;ТНПА «ГНОМ X»;ТЭК;65;3;0;0
f6cc47ab-c645-4fe5-9bd1-0acc609758f0;ОМДЖЕТ -ГМ01;ТЭК;66;1;0;0
ece9a02a-2d71-496f-a29d-39ab24a8e9d9;T-16;ТЭК;66;2;0;0
c7c905b8-1dcd-43de-8d3c-6e4493077e28;Грузовик M700 V2;ТЭК;66;3;0;0
e091d100-5f2a-4b05-a012-e972f6367a4d;Грузовик М500 V2;ТЭК;67;1;0;0
f1c8478c-86c2-4381-96db-08e0ae889b41;Геоскан 701;Безопасность;69;1;0;1
b639b73b-9c1e-4eec-af6f-9662e1d1d171;Альбатрос М5;Безопасность;69;2;0;1
c293732e-214e-4473-93fd-15db477db3af;Геоскан Gemini;Безопасность;69;3;0;0
6c0df6e9-ea39-40d2-93af-7aec13d629c7;Геоскан 401;Безопасность;70;1;0;0
a23855b0-2d22-44f1-838c-b4d23f4a69fb;Геоскан 801;Безопасность;70;2;0;0
8eb78e78-ab23-4f2a-9684-65fa37fd3a06;Пегас;Безопасность;70;3;0;0
8dbe4684-18ef-49f7-bced-95969703a49a;Supercam X4E;Безопасность;71;1;0;0
cf43e50c-bdf6-4069-accb-e16b1d2c670e;Геоскан 201 Термо;Безопасность;71;2;0;0
22de87a2-a16a-4ce3-9581-1c3eb6f6d2ec;ДИАМ 20;Безопасность;71;3;0;0
49db955c-62c7-4f69-912f-2745000471fa;Робот Городовой;Безопасность;72;1;0;0
6aa68572-2fef-4dd7-bfd5-68d117c558cc;Трал Патруль 5;Безопасность;72;2;0;0
ac5b3159-9df0-4911-8cc3-31227a5b3b59;TFM-15-8E;Безопасность;72;3;0;1
0861538d-75c8-473e-a2ab-499a6b8c1d49;Курьер-30;Безопасность;73;1;0;0
0aaaa4d1-9ca6-4737-a3d6-92081635402c;Ортез-1;Безопасность;73;2;0;1
bace806b-bb2c-42d1-806b-be4fd48f75f1;Роботизированный лафетный ствол;Безопасность;73;3;0;0
04d05489-05fb-46b3-aed0-1012f96d34a3;Гумич спасатель;Безопасность;74;1;0;0
b86f4613-789b-4cee-9f75-5d010da90b61;Роботизированный комплекс по обследованию грунта;Безопасность;74;2;0;0
26cb8cfb-e0bd-44e7-ae06-22b7bc8379f5;Лоцман;Безопасность;74;3;0;0
75877a99-cc68-454a-b77f-12f2641337cc;Сарган;Безопасность;75;1;0;0
34590532-dff0-4178-a9ca-6782e4db1701;Калкан;Безопасность;75;2;0;0
38db0187-c455-4601-9ba1-7a1012485e4a;Роботизированная система патрулирования и охраны;Безопасность;75;3;0;0
87af2fe4-1a49-4263-a2a0-85fbd2b87014;Муравей;Транспорт и логистика;77;1;1;0
4d5900ff-77ef-4536-8077-7f18bc242a53;Supercam X4;Транспорт и логистика;77;2;0;1
f1c8478c-86c2-4381-96db-08e0ae889b41;Геоскан 701;Транспорт и логистика;77;3;0;1
cf9643b1-7a04-429c-9ac2-33060c9f42dd;EVOCARGO N1;Транспорт и логистика;78;1;0;0
28a5afa8-0473-4f80-99a9-b2922b76810f;Беспилотный тягач (Когнитив Пилот);Транспорт и логистика;78;2;0;0
d59a8cc3-4edf-428b-8b36-783ac2bf1514;Беспилотный AMT 6×6;Транспорт и логистика;78;3;0;1
d532535e-0a3b-48f4-98bd-a063f2c743db;Багира;Транспорт и логистика;79;1;0;0
0861538d-75c8-473e-a2ab-499a6b8c1d49;Курьер-30;Транспорт и логистика;79;2;0;0
ac5b3159-9df0-4911-8cc3-31227a5b3b59;TFM-15-8E;Транспорт и логистика;79;3;0;1
38db0187-c455-4601-9ba1-7a1012485e4a;Роботизированная система патрулирования и охраны;Транспорт и логистика;80;1;0;0
f551e523-fa94-4a0b-a2c8-56ace2f51818;В-120;Транспорт и логистика;80;2;0;0
7d1f1ab8-9bc2-45a0-9d76-c1de80c029df;Беспилотный «Львёнок-Москва»;Транспорт и логистика;80;3;0;0
8900ef0c-62a4-4f79-92dc-402d6ac9fb72;"Беспилотный поезд ""2024""";Транспорт и логистика;81;1;0;0
a834aa03-136e-4f61-a1d6-b5563d798f68;L5;Транспорт и логистика;81;2;0;0
5bda11dc-0ea8-47fa-8f73-5ff324575af8;Беспилотное такси Яндекс;Транспорт и логистика;81;3;0;0
6c8ca14a-e25e-4051-9165-de89fbf5c283;Робот-расцепщик;Транспорт и логистика;82;1;0;0
0749847e-b059-4f55-ad40-b5d6eddc703a;Робот-растормаживатель;Транспорт и логистика;82;2;0;0
2c5d6d69-1a64-4846-bcc0-bb6119af4558;Ровер для работы с грузовыми вагонами;Транспорт и логистика;82;3;0;0
2d247e24-f7ff-4952-816e-61b6eea96664;T-300-8E;Транспорт и логистика;83;1;0;0
8ab1ea05-1c09-4f71-88a4-fffb0b725d6b;Херсонес;Транспорт и логистика;83;2;0;0
3b6ed000-db61-40d2-a1fc-aed019e7007c;Барабулька;Транспорт и логистика;83;3;0;0
2603f59e-cd37-49f3-85ca-705ec956e37a;ВТ-440м;Транспорт и логистика;84;1;0;0
1a694805-4d3a-42ff-80b9-5f68525e76b5;ОРКАН;Транспорт и логистика;84;2;0;0
3cae8286-ea39-4329-b7fd-6444cf2f6f91;БРИЗ;Транспорт и логистика;84;3;0;0
b5ead192-27fb-4898-b267-edff4ed825a0;БВС ОМДЖЕТ-03;Транспорт и логистика;85;1;0;0
00ddbb71-8fca-4cb1-9998-78250c62ea03;"OG-07 ""Стрекоза""";Транспорт и логистика;85;2;0;0
23195034-45aa-48c1-8cb5-1f384c2cacb7;Вихрь-1М;Транспорт и логистика;85;3;0;0
64061eae-b7cb-4aa2-bacd-92e8cdf9097b;Горгона 15;Транспорт и логистика;86;1;0;0
3d8ff7d4-19fb-4a21-bc4a-15fb13ad3393;Геоскан 201;Лесное хозяйство;88;1;0;1
b639b73b-9c1e-4eec-af6f-9662e1d1d171;Альбатрос М5;Лесное хозяйство;88;2;0;1
6c0df6e9-ea39-40d2-93af-7aec13d629c7;Геоскан 401;Лесное хозяйство;88;3;0;0
22de87a2-a16a-4ce3-9581-1c3eb6f6d2ec;ДИАМ 20;Лесное хозяйство;89;1;0;0
8dbe4684-18ef-49f7-bced-95969703a49a;Supercam X4E;Лесное хозяйство;89;2;0;0
42aed284-0f9c-45f4-a395-d7a5bf4fb5e7;InnoVTOL-3S;Лесное хозяйство;89;3;0;1
b5ead192-27fb-4898-b267-edff4ed825a0;БВС ОМДЖЕТ-03;Лесное хозяйство;90;1;0;0
a23855b0-2d22-44f1-838c-b4d23f4a69fb;Геоскан 801;Лесное хозяйство;90;2;0;0
f1c8478c-86c2-4381-96db-08e0ae889b41;Геоскан 701;Лесное хозяйство;90;3;0;1
3e262660-f12a-4eff-8c26-ccf36f923755;Геоскан 701 Видео;Лесное хозяйство;91;1;0;1
34aa6c6a-e650-4327-ae15-9bad2024b007;miniSIGMA;Лесное хозяйство;91;2;0;0
afa183fe-b6d2-467c-9e2d-a0a2310d8f3d;SIGMA;Лесное хозяйство;91;3;0;0
