catalog_id;product;field;rating;rating_name;value;unit;source_types;all_values;reason
9b20417a-0ac7-4786-985b-f3459a15075d;Unit;dimensions_mm;C;Один источник;900×560×800;мм;производитель;"900×560×800 мм (производитель); 900×560×800 мм (производитель, устарело)";только производитель
9b20417a-0ac7-4786-985b-f3459a15075d;Unit;robot_mass_kg;E;Спорно;130;кг;интегратор, организатор, производитель;"130 кг (производитель); 170 кг (производитель, устарело); 30 кг (интегратор); 130 кг (организатор); 130 кг (СМИ)";источники расходятся больше чем на 10%, в расчете: данные организатора
9b20417a-0ac7-4786-985b-f3459a15075d;Unit;max_speed_m_s;F;Нет данных;;;;;значение не опубликовано
9b20417a-0ac7-4786-985b-f3459a15075d;Unit;throughput;A;Проверено;до 1400;м²/ч;организатор, производитель;"до 1 800 м²/ч (производитель, устарело); до 2 000 м²/ч (производитель, устарело); до 1400 м²/ч (организатор); ~1440 м²/ч (производитель)";сходятся организатор и производитель
9b20417a-0ac7-4786-985b-f3459a15075d;Unit;runtime_h;B;Подтверждено;5;ч;интегратор, производитель;"5 ч (производитель); 5 ч (интегратор); ~4 ч (производитель, устарело); 6 ч (производитель, устарело); 6 ч (СМИ)";сходятся источники: интегратор, производитель
9b20417a-0ac7-4786-985b-f3459a15075d;Unit;charge_time_h;F;Нет данных;;;;;значение не опубликовано
9b20417a-0ac7-4786-985b-f3459a15075d;Unit;navigation_type;C;Один источник;RTLS (радиомаяки-анкеры) + лидар, стереокамера, радар, ультразвук;;производитель;"RTLS (радиомаяки-анкеры) + лидар, стереокамера, радар, ультразвук (производитель); гибрид SLAM + RTLS (производитель, устарело); гибрид RTLS + лидары (СМИ)";только производитель
9b20417a-0ac7-4786-985b-f3459a15075d;Unit;min_aisle_width_mm;F;Нет данных;;;;;значение не опубликовано
5760e938-9a43-45a7-b8e8-f4f2e6383930;Ronavi H1500;charge_time_h;E;Спорно;0.3;ч;организатор, производитель;"0.3 ч (организатор); 0.3 ч (СМИ); 1.33 ч (производитель); 0.3 ч (производитель); 0.67 (обычная); 0.3 (быстрая) ч (СМИ)";источники расходятся больше чем на 10%, в расчете: данные организатора
5760e938-9a43-45a7-b8e8-f4f2e6383930;Ronavi H1500;dimensions_mm;A;Проверено;1044×654×380;мм (Д×Ш×В);организатор, производитель;"1044×654×380 мм (Д×Ш×В) (организатор); 1044×654×380 мм (Д×Ш×В) (производитель)";сходятся организатор и производитель
5760e938-9a43-45a7-b8e8-f4f2e6383930;Ronavi H1500;max_speed_m_s;E;Спорно;1.5;м/с;интегратор, организатор, производитель;"1.5 м/с (организатор); 1.5 м/с (производитель); 1.3 м/с (производитель); 1.3 м/с (производитель); 1.3 м/с (интегратор)";источники расходятся больше чем на 10%, в расчете: данные организатора
5760e938-9a43-45a7-b8e8-f4f2e6383930;Ronavi H1500;min_aisle_width_mm;B;Подтверждено;750;мм;интегратор, производитель;"750 мм (производитель); 790 мм (интегратор)";сходятся источники: интегратор, производитель
5760e938-9a43-45a7-b8e8-f4f2e6383930;Ronavi H1500;navigation_type;A;Проверено;QR-метки + SLAM;;организатор, производитель;"QR-метки + SLAM (организатор); QR-метки + SLAM (производитель)";сходятся организатор и производитель
5760e938-9a43-45a7-b8e8-f4f2e6383930;Ronavi H1500;payload_kg;A;Проверено;1500;кг;организатор, производитель;"1500 кг (организатор); 1500 кг (производитель)";сходятся организатор и производитель
5760e938-9a43-45a7-b8e8-f4f2e6383930;Ronavi H1500;positioning_accuracy_mm;D;Слабо;±3;мм;организатор;±3 мм (организатор);только организатор
5760e938-9a43-45a7-b8e8-f4f2e6383930;Ronavi H1500;robot_mass_kg;A;Проверено;250;кг;организатор, производитель;"250 кг (организатор); 250 кг (производитель)";сходятся организатор и производитель
5760e938-9a43-45a7-b8e8-f4f2e6383930;Ronavi H1500;runtime_h;E;Спорно;6;ч;интегратор, организатор, производитель;"6 ч (организатор); 10 ч (производитель); 6 ч (СМИ); 4–6 ч (СМИ); 3–5 ч (интегратор); 4 ч (производитель)";источники расходятся больше чем на 10%, в расчете: данные организатора
5760e938-9a43-45a7-b8e8-f4f2e6383930;Ronavi H1500;throughput;E;Спорно;80–100;паллет/ч;организатор, производитель;"80–100 паллет/ч (организатор); ~30 циклов/ч на робота (производитель)";источники расходятся больше чем на 10%, в расчете: данные организатора
3f2aaa1b-2237-4d7b-b215-1ac5ec789ed5;Ronavi SR;charge_time_h;F;Нет данных;;;;;значение не опубликовано
3f2aaa1b-2237-4d7b-b215-1ac5ec789ed5;Ronavi SR;dimensions_mm;C;Один источник;590×810×870;мм;производитель;590×810×870 мм (производитель);только производитель
3f2aaa1b-2237-4d7b-b215-1ac5ec789ed5;Ronavi SR;max_speed_m_s;C;Один источник;3;м/с;производитель;3 м/с (производитель);только производитель
3f2aaa1b-2237-4d7b-b215-1ac5ec789ed5;Ronavi SR;min_aisle_width_mm;C;Один источник;690;мм;производитель;690 мм (производитель);только производитель
3f2aaa1b-2237-4d7b-b215-1ac5ec789ed5;Ronavi SR;navigation_type;C;Один источник;QR-метки;;производитель;QR-метки (производитель);только производитель
3f2aaa1b-2237-4d7b-b215-1ac5ec789ed5;Ronavi SR;payload_kg;C;Один источник;50;кг;производитель;50 кг (производитель);только производитель
3f2aaa1b-2237-4d7b-b215-1ac5ec789ed5;Ronavi SR;positioning_accuracy_mm;F;Нет данных;;;;;значение не опубликовано
3f2aaa1b-2237-4d7b-b215-1ac5ec789ed5;Ronavi SR;robot_mass_kg;C;Один источник;80;кг;производитель;80 кг (производитель);только производитель
3f2aaa1b-2237-4d7b-b215-1ac5ec789ed5;Ronavi SR;runtime_h;C;Один источник;16;ч;производитель;16 ч (производитель);только производитель
3f2aaa1b-2237-4d7b-b215-1ac5ec789ed5;Ronavi SR;throughput;C;Один источник;до 1000;рабочих циклов/ч (на робота);интегратор;до 1000 рабочих циклов/ч (на робота) (интегратор);только интегратор
6f3da854-41da-4363-8496-5487f37c845a;Ronavi H2000;charge_time_h;B;Подтверждено;1.33;ч;интегратор, производитель;"1.33 ч (производитель); 1.3 ч (интегратор)";сходятся источники: интегратор, производитель
6f3da854-41da-4363-8496-5487f37c845a;Ronavi H2000;dimensions_mm;C;Один источник;1540×990×250;мм;производитель;1540×990×250 мм (производитель);только производитель
6f3da854-41da-4363-8496-5487f37c845a;Ronavi H2000;max_speed_m_s;E;Спорно;0.8;м/с;интегратор, производитель;"1 м/с (производитель); 0.8 м/с (производитель); 0.8 м/с (интегратор)";источники расходятся больше чем на 10%, в расчете: значение хуже для окупаемости
6f3da854-41da-4363-8496-5487f37c845a;Ronavi H2000;min_aisle_width_mm;C;Один источник;1190;мм;производитель;1190 мм (производитель);только производитель
6f3da854-41da-4363-8496-5487f37c845a;Ronavi H2000;navigation_type;C;Один источник;QR-метки + SLAM;;производитель;QR-метки + SLAM (производитель);только производитель
6f3da854-41da-4363-8496-5487f37c845a;Ronavi H2000;payload_kg;C;Один источник;2000;кг;производитель;2000 кг (производитель);только производитель
6f3da854-41da-4363-8496-5487f37c845a;Ronavi H2000;positioning_accuracy_mm;C;Один источник;±3;мм;производитель;±3 мм (производитель);только производитель
6f3da854-41da-4363-8496-5487f37c845a;Ronavi H2000;robot_mass_kg;C;Один источник;320;кг;производитель;320 кг (производитель);только производитель
6f3da854-41da-4363-8496-5487f37c845a;Ronavi H2000;runtime_h;E;Спорно;3–5;ч;интегратор, производитель;"10 ч (производитель); 4 ч (производитель); 3–5 ч (интегратор)";источники расходятся больше чем на 10%, в расчете: значение хуже для окупаемости
6f3da854-41da-4363-8496-5487f37c845a;Ronavi H2000;throughput;F;Нет данных;;;;;значение не опубликовано
66d8e7ad-cdcd-4287-afb0-e2afa9ef5217;Ronavi SD;charge_time_h;F;Нет данных;;;;;значение не опубликовано
66d8e7ad-cdcd-4287-afb0-e2afa9ef5217;Ronavi SD;dimensions_mm;A;Проверено;420×400×200;мм (Д×Ш×В);организатор, производитель;"420×400×200 мм (Д×Ш×В) (организатор); 420×400×200 мм (Д×Ш×В) (производитель)";сходятся организатор и производитель
66d8e7ad-cdcd-4287-afb0-e2afa9ef5217;Ronavi SD;max_speed_m_s;A;Проверено;2.5;м/с;организатор, производитель;"2.5 м/с (организатор); 2.5 м/с (производитель)";сходятся организатор и производитель
66d8e7ad-cdcd-4287-afb0-e2afa9ef5217;Ronavi SD;min_aisle_width_mm;E;Спорно;700;мм;интегратор, организатор, производитель;"700 мм (организатор); 500 мм (производитель); 500 мм (интегратор); 700 мм (интегратор, устарело)";источники расходятся больше чем на 10%, в расчете: данные организатора
66d8e7ad-cdcd-4287-afb0-e2afa9ef5217;Ronavi SD;navigation_type;A;Проверено;QR-метки;;организатор, производитель;"QR-метки (организатор); QR-метки (производитель)";сходятся организатор и производитель
66d8e7ad-cdcd-4287-afb0-e2afa9ef5217;Ronavi SD;payload_kg;A;Проверено;10;кг;организатор, производитель;"10 кг (организатор); 10 кг (производитель)";сходятся организатор и производитель
66d8e7ad-cdcd-4287-afb0-e2afa9ef5217;Ronavi SD;positioning_accuracy_mm;D;Слабо;±3;мм;организатор;±3 мм (организатор);только организатор
66d8e7ad-cdcd-4287-afb0-e2afa9ef5217;Ronavi SD;robot_mass_kg;A;Проверено;20;кг;организатор, производитель;"20 кг (организатор); 20 кг (производитель)";сходятся организатор и производитель
66d8e7ad-cdcd-4287-afb0-e2afa9ef5217;Ronavi SD;runtime_h;A;Проверено;10;ч;организатор, производитель;"10 ч (организатор); 10 ч (производитель); 5 ч (СМИ)";сходятся организатор и производитель
66d8e7ad-cdcd-4287-afb0-e2afa9ef5217;Ronavi SD;throughput;F;Нет данных;;;;;значение не опубликовано
dcfd9975-81eb-49b5-a422-827a720ba582;Ronavi M;charge_time_h;C;Один источник;1;ч;интегратор;"1 ч (интегратор); 0.25 (10–90%); 0.2 (20–80%) ч (интегратор, аналог)";только интегратор
dcfd9975-81eb-49b5-a422-827a720ba582;Ronavi M;dimensions_mm;C;Один источник;960×660×335;мм;производитель;960×660×335 мм (производитель);только производитель
dcfd9975-81eb-49b5-a422-827a720ba582;Ronavi M;max_speed_m_s;E;Спорно;2;м/с;интегратор, производитель;"2.5 м/с (производитель); 2 м/с (интегратор)";источники расходятся больше чем на 10%, в расчете: значение хуже для окупаемости
dcfd9975-81eb-49b5-a422-827a720ba582;Ronavi M;min_aisle_width_mm;C;Один источник;760;мм;производитель;"760 мм (производитель); 800 мм (производитель)";только производитель
dcfd9975-81eb-49b5-a422-827a720ba582;Ronavi M;navigation_type;C;Один источник;QR-метки + SLAM;;производитель;QR-метки + SLAM (производитель);только производитель
dcfd9975-81eb-49b5-a422-827a720ba582;Ronavi M;payload_kg;C;Один источник;1200;кг;производитель;1200 кг (производитель);только производитель
dcfd9975-81eb-49b5-a422-827a720ba582;Ronavi M;positioning_accuracy_mm;C;Один источник;±20;мм;производитель;±20 мм (производитель);только производитель
dcfd9975-81eb-49b5-a422-827a720ba582;Ronavi M;robot_mass_kg;C;Один источник;200;кг;производитель;200 кг (производитель);только производитель
dcfd9975-81eb-49b5-a422-827a720ba582;Ronavi M;runtime_h;B;Подтверждено;8;ч;интегратор, производитель;"8 ч (производитель); 5–8 ч (интегратор); 5–8 (10–90%); 4–7 (20–80%) ч (интегратор, аналог)";сходятся источники: интегратор, производитель
dcfd9975-81eb-49b5-a422-827a720ba582;Ronavi M;throughput;F;Нет данных;;;;;значение не опубликовано
89ffd69f-f07b-4bf2-8023-1fd765a2b6ff;AMR 100 (МОРОС);charge_time_h;F;Нет данных;;;;;значение не опубликовано
89ffd69f-f07b-4bf2-8023-1fd765a2b6ff;AMR 100 (МОРОС);dimensions_mm;C;Один источник;600×400×220;мм (Д×Ш×В);производитель;"600×400×220 мм (Д×Ш×В) (производитель); 470×450×300 мм (СМИ, устарело)";только производитель
89ffd69f-f07b-4bf2-8023-1fd765a2b6ff;AMR 100 (МОРОС);max_speed_m_s;C;Один источник;3;м/с;производитель;"3 м/с (производитель); 0.8 м/с (СМИ, устарело)";только производитель
89ffd69f-f07b-4bf2-8023-1fd765a2b6ff;AMR 100 (МОРОС);min_aisle_width_mm;F;Нет данных;;;;;значение не опубликовано
89ffd69f-f07b-4bf2-8023-1fd765a2b6ff;AMR 100 (МОРОС);navigation_type;C;Один источник;"движение по заданной траектории; энкодеры + лидар";;производитель;"движение по заданной траектории; энкодеры + лидар (производитель)";только производитель
89ffd69f-f07b-4bf2-8023-1fd765a2b6ff;AMR 100 (МОРОС);payload_kg;E;Спорно;100;кг;организатор, производитель;"100 кг (организатор); 150 кг (производитель); 90 кг (СМИ, устарело)";источники расходятся больше чем на 10%, в расчете: данные организатора
89ffd69f-f07b-4bf2-8023-1fd765a2b6ff;AMR 100 (МОРОС);positioning_accuracy_mm;C;Один источник;±10;мм;производитель;±10 мм (производитель);только производитель
89ffd69f-f07b-4bf2-8023-1fd765a2b6ff;AMR 100 (МОРОС);robot_mass_kg;C;Один источник;25;кг;производитель;25 кг (производитель);только производитель
89ffd69f-f07b-4bf2-8023-1fd765a2b6ff;AMR 100 (МОРОС);runtime_h;C;Один источник;20 (ср. нагрузка) / 10 (макс.);ч;производитель;"20 (ср. нагрузка) / 10 (макс.) ч (производитель); 18 ч (СМИ, устарело)";только производитель
89ffd69f-f07b-4bf2-8023-1fd765a2b6ff;AMR 100 (МОРОС);throughput;F;Нет данных;;;;;значение не опубликовано
5ec66969-8fcc-47b3-b517-a9c29372fffe;AMR 800 (МОРОС);charge_time_h;D;Слабо;2;ч;организатор;2 ч (организатор);"только организатор; решение испытано ФЦ БАС, это подтверждает работоспособность, но не цифры"
5ec66969-8fcc-47b3-b517-a9c29372fffe;AMR 800 (МОРОС);dimensions_mm;C;Один источник;940×640×230;мм (Д×Ш×В);производитель;940×640×230 мм (Д×Ш×В) (производитель);"только производитель; решение испытано ФЦ БАС, это подтверждает работоспособность, но не цифры"
5ec66969-8fcc-47b3-b517-a9c29372fffe;AMR 800 (МОРОС);max_speed_m_s;E;Спорно;2;м/с;организатор, производитель;"2 м/с (производитель); 2.5 м/с (СМИ, устарело); 2.5 м/с (организатор)";"источники расходятся больше чем на 10%, в расчете: актуальная страница производителя хуже данных организатора; решение испытано ФЦ БАС, это подтверждает работоспособность, но не цифры"
5ec66969-8fcc-47b3-b517-a9c29372fffe;AMR 800 (МОРОС);min_aisle_width_mm;D;Слабо;700;мм;организатор;700 мм (организатор);"только организатор; решение испытано ФЦ БАС, это подтверждает работоспособность, но не цифры"
5ec66969-8fcc-47b3-b517-a9c29372fffe;AMR 800 (МОРОС);navigation_type;C;Один источник;QR-метки + SLAM;;производитель;QR-метки + SLAM (производитель);"только производитель; решение испытано ФЦ БАС, это подтверждает работоспособность, но не цифры"
5ec66969-8fcc-47b3-b517-a9c29372fffe;AMR 800 (МОРОС);payload_kg;C;Один источник;800;кг;производитель;800 кг (производитель);"только производитель; решение испытано ФЦ БАС, это подтверждает работоспособность, но не цифры"
5ec66969-8fcc-47b3-b517-a9c29372fffe;AMR 800 (МОРОС);positioning_accuracy_mm;C;Один источник;±10;мм;производитель;±10 мм (производитель);"только производитель; решение испытано ФЦ БАС, это подтверждает работоспособность, но не цифры"
5ec66969-8fcc-47b3-b517-a9c29372fffe;AMR 800 (МОРОС);robot_mass_kg;A;Проверено;150;кг;организатор, производитель;"150 кг (производитель); 150 кг (организатор)";"сходятся организатор и производитель; решение испытано ФЦ БАС, это подтверждает работоспособность, но не цифры"
5ec66969-8fcc-47b3-b517-a9c29372fffe;AMR 800 (МОРОС);runtime_h;A;Проверено;24 (ср. нагрузка) / 14 (макс.);ч;организатор, производитель;"24 (ср. нагрузка) / 14 (макс.) ч (производитель); 24 ч (СМИ, устарело); 24 ч (организатор)";"сходятся организатор и производитель; решение испытано ФЦ БАС, это подтверждает работоспособность, но не цифры"
5ec66969-8fcc-47b3-b517-a9c29372fffe;AMR 800 (МОРОС);throughput;F;Нет данных;;;;;значение не опубликовано
7d5a76d2-7bf3-4a40-b6f7-64590d4d9273;AMR 1500 (МОРОС);charge_time_h;D;Слабо;2;ч;организатор;2 ч (организатор);"только организатор; решение испытано ФЦ БАС, это подтверждает работоспособность, но не цифры"
7d5a76d2-7bf3-4a40-b6f7-64590d4d9273;AMR 1500 (МОРОС);dimensions_mm;A;Проверено;1100×600×230;мм;организатор, производитель;"1100×600×230 мм (организатор); 1080×640×230 мм (Д×Ш×В) (производитель)";"сходятся организатор и производитель; решение испытано ФЦ БАС, это подтверждает работоспособность, но не цифры"
7d5a76d2-7bf3-4a40-b6f7-64590d4d9273;AMR 1500 (МОРОС);max_speed_m_s;A;Проверено;1.5;м/с;организатор, производитель;"1.5 м/с (организатор); 1.5 м/с (производитель); 1.5 м/с (организатор)";"сходятся организатор и производитель; решение испытано ФЦ БАС, это подтверждает работоспособность, но не цифры"
7d5a76d2-7bf3-4a40-b6f7-64590d4d9273;AMR 1500 (МОРОС);min_aisle_width_mm;D;Слабо;700;мм;организатор;"680 мм (организатор); 700 мм (организатор)";"только организатор; решение испытано ФЦ БАС, это подтверждает работоспособность, но не цифры"
7d5a76d2-7bf3-4a40-b6f7-64590d4d9273;AMR 1500 (МОРОС);navigation_type;C;Один источник;QR-метки + SLAM;;производитель;QR-метки + SLAM (производитель);"только производитель; решение испытано ФЦ БАС, это подтверждает работоспособность, но не цифры"
7d5a76d2-7bf3-4a40-b6f7-64590d4d9273;AMR 1500 (МОРОС);payload_kg;A;Проверено;1500;кг;организатор, производитель;"1500 кг (организатор); 1500 кг (производитель); 1500 кг (организатор)";"сходятся организатор и производитель; решение испытано ФЦ БАС, это подтверждает работоспособность, но не цифры"
7d5a76d2-7bf3-4a40-b6f7-64590d4d9273;AMR 1500 (МОРОС);positioning_accuracy_mm;C;Один источник;±10;мм;производитель;±10 мм (производитель);"только производитель; решение испытано ФЦ БАС, это подтверждает работоспособность, но не цифры"
7d5a76d2-7bf3-4a40-b6f7-64590d4d9273;AMR 1500 (МОРОС);robot_mass_kg;A;Проверено;200;кг;организатор, производитель;"185 кг (производитель); 200 кг (организатор)";"сходятся организатор и производитель; решение испытано ФЦ БАС, это подтверждает работоспособность, но не цифры"
7d5a76d2-7bf3-4a40-b6f7-64590d4d9273;AMR 1500 (МОРОС);runtime_h;A;Проверено;20 (ср. нагрузка) / 10 (макс.);ч;организатор, производитель;"22 ч (организатор); 20 (ср. нагрузка) / 10 (макс.) ч (производитель); 22 ч (производитель); 22 ч (организатор)";"сходятся организатор и производитель; решение испытано ФЦ БАС, это подтверждает работоспособность, но не цифры"
7d5a76d2-7bf3-4a40-b6f7-64590d4d9273;AMR 1500 (МОРОС);throughput;F;Нет данных;;;;;значение не опубликовано
cccd0c0d-8ae7-435d-a171-45f5d82886e6;ДиКом DMR 1200;charge_time_h;B;Подтверждено;2;ч (10→80%);интегратор, производитель;"2 ч (10→80%) (интегратор); 2 ч (10→80%) (производитель)";"сходятся источники: интегратор, производитель; решение испытано ФЦ БАС, это подтверждает работоспособность, но не цифры"
cccd0c0d-8ae7-435d-a171-45f5d82886e6;ДиКом DMR 1200;dimensions_mm;B;Подтверждено;1100×820×256;мм (Д×Ш×В по чертежу);интегратор, производитель;"1115×845×255 мм (интегратор); 1100×820×256 мм (Д×Ш×В по чертежу) (производитель); 1115×845×255 мм (подпись ВxШxГ, по смыслу Д×Ш×В) (производитель)";"сходятся источники: интегратор, производитель; решение испытано ФЦ БАС, это подтверждает работоспособность, но не цифры"
cccd0c0d-8ae7-435d-a171-45f5d82886e6;ДиКом DMR 1200;lift_height_mm;B;Подтверждено;60;мм (платформа 1000×700);интегратор, производитель;"60 мм (платформа 1000×700) (производитель); 60 мм (интегратор)";"сходятся источники: интегратор, производитель; решение испытано ФЦ БАС, это подтверждает работоспособность, но не цифры"
cccd0c0d-8ae7-435d-a171-45f5d82886e6;ДиКом DMR 1200;max_speed_m_s;E;Спорно;1.5;м/с;интегратор, производитель;"2 м/с (интегратор); 1.5 м/с (производитель); 2 м/с (производитель); 1.5 м/с (интегратор)";"источники расходятся больше чем на 10%, в расчете: значение хуже для окупаемости; решение испытано ФЦ БАС, это подтверждает работоспособность, но не цифры"
cccd0c0d-8ae7-435d-a171-45f5d82886e6;ДиКом DMR 1200;min_aisle_width_mm;D;Слабо;1050;мм;аналог;1050 мм (интегратор, аналог);"у решения значение не опубликовано, берем у похожей модели: аналог: SEER AMB-1000JS (1000 кг, подъем 60 мм, 1330×952×290 мм, диаметр разворота 1460 мм); DMR 1200 меньше (1100×820), оценка с запасом"
cccd0c0d-8ae7-435d-a171-45f5d82886e6;ДиКом DMR 1200;navigation_type;C;Один источник;SLAM (лидар), без инфраструктуры;;интегратор;SLAM (лидар), без инфраструктуры (интегратор);"только интегратор; решение испытано ФЦ БАС, это подтверждает работоспособность, но не цифры"
cccd0c0d-8ae7-435d-a171-45f5d82886e6;ДиКом DMR 1200;payload_kg;C;Один источник;1200;кг;интегратор;1200 кг (интегратор);"только интегратор; решение испытано ФЦ БАС, это подтверждает работоспособность, но не цифры"
cccd0c0d-8ae7-435d-a171-45f5d82886e6;ДиКом DMR 1200;positioning_accuracy_mm;C;Один источник;±5;мм;интегратор;±5 мм (интегратор);"только интегратор; решение испытано ФЦ БАС, это подтверждает работоспособность, но не цифры"
cccd0c0d-8ae7-435d-a171-45f5d82886e6;ДиКом DMR 1200;robot_mass_kg;F;Нет данных;;;;;значение не опубликовано
cccd0c0d-8ae7-435d-a171-45f5d82886e6;ДиКом DMR 1200;runtime_h;B;Подтверждено;8;ч;интегратор, производитель;"8 ч (интегратор); 8 ч (производитель)";"сходятся источники: интегратор, производитель; решение испытано ФЦ БАС, это подтверждает работоспособность, но не цифры"
cccd0c0d-8ae7-435d-a171-45f5d82886e6;ДиКом DMR 1200;throughput;F;Нет данных;;;;;значение не опубликовано
be814758-3616-4b94-befa-9848be2ac604;ДиКом DMR 600;charge_time_h;B;Подтверждено;2;ч (10→80%);интегратор, производитель;"2 ч (10→80%) (интегратор); 2 ч (10→80%) (производитель)";"сходятся источники: интегратор, производитель; решение испытано ФЦ БАС, это подтверждает работоспособность, но не цифры"
be814758-3616-4b94-befa-9848be2ac604;ДиКом DMR 600;dimensions_mm;B;Подтверждено;960×650×250;мм (Д×Ш×В по чертежу);интегратор, производитель;"250×960×650 мм (порядок по источнику: В×Ш×Г) (интегратор); 960×650×250 мм (Д×Ш×В по чертежу) (производитель); 960×650×250 мм (Д×Ш×В) (интегратор)";"сходятся источники: интегратор, производитель; решение испытано ФЦ БАС, это подтверждает работоспособность, но не цифры"
be814758-3616-4b94-befa-9848be2ac604;ДиКом DMR 600;lift_height_mm;B;Подтверждено;60;мм (платформа 850×600);интегратор, производитель;"60 мм (платформа 850×600) (интегратор); 60 мм (платформа 850×600) (производитель)";"сходятся источники: интегратор, производитель; решение испытано ФЦ БАС, это подтверждает работоспособность, но не цифры"
be814758-3616-4b94-befa-9848be2ac604;ДиКом DMR 600;max_speed_m_s;B;Подтверждено;2;м/с;интегратор, производитель;"2 м/с (интегратор); 2 м/с (производитель); 2 м/с (производитель)";"сходятся источники: интегратор, производитель; решение испытано ФЦ БАС, это подтверждает работоспособность, но не цифры"
be814758-3616-4b94-befa-9848be2ac604;ДиКом DMR 600;min_aisle_width_mm;D;Слабо;790;мм;аналог;"790 мм (производитель, аналог); 790 мм (интегратор, аналог)";"у решения значение не опубликовано, берем у похожей модели: аналог: SEER SJV-SW600 (950×650×250 мм, 600 кг, подъем 60 мм, ±5 мм/±0,5°, 8 ч, ≤2 ч), параметры почти совпадают с DMR 600; диаметр разворота 1015 мм"
be814758-3616-4b94-befa-9848be2ac604;ДиКом DMR 600;navigation_type;C;Один источник;SLAM (лидар) + QR-метки;;интегратор;SLAM (лидар) + QR-метки (интегратор);"только интегратор; решение испытано ФЦ БАС, это подтверждает работоспособность, но не цифры"
be814758-3616-4b94-befa-9848be2ac604;ДиКом DMR 600;payload_kg;C;Один источник;600;кг;интегратор;600 кг (интегратор);"только интегратор; решение испытано ФЦ БАС, это подтверждает работоспособность, но не цифры"
be814758-3616-4b94-befa-9848be2ac604;ДиКом DMR 600;positioning_accuracy_mm;C;Один источник;±5;мм;интегратор;±5 мм (интегратор);"только интегратор; решение испытано ФЦ БАС, это подтверждает работоспособность, но не цифры"
be814758-3616-4b94-befa-9848be2ac604;ДиКом DMR 600;robot_mass_kg;F;Нет данных;;;;;значение не опубликовано
be814758-3616-4b94-befa-9848be2ac604;ДиКом DMR 600;runtime_h;B;Подтверждено;8;ч;интегратор, производитель;"8 ч (интегратор); 8 ч (производитель)";"сходятся источники: интегратор, производитель; решение испытано ФЦ БАС, это подтверждает работоспособность, но не цифры"
be814758-3616-4b94-befa-9848be2ac604;ДиКом DMR 600;throughput;F;Нет данных;;;;;значение не опубликовано
f7634ef8-0034-4c5b-b2f0-e44a14f05a76;ДиКом DMR Carrier P;charge_time_h;B;Подтверждено;2;ч (10→80%);интегратор, производитель;"2 ч (интегратор); 2 ч (10→80%) (производитель)";сходятся источники: интегратор, производитель
f7634ef8-0034-4c5b-b2f0-e44a14f05a76;ДиКом DMR Carrier P;dimensions_mm;A;Проверено;2050×1975×1000;мм (В×Ш×Г по источнику);интегратор, организатор, производитель;"2050×1975×1000 мм (В×Ш×Г по источнику) (организатор); 2050×1975×1000 мм (В×Ш×Г по источнику) (интегратор); 1975×1000×2050 мм (Д×Ш×В) (производитель)";сходятся организатор и производитель
f7634ef8-0034-4c5b-b2f0-e44a14f05a76;ДиКом DMR Carrier P;lift_height_mm;A;Проверено;1600;мм;интегратор, организатор, производитель;"1600 мм (организатор); 1600 мм (интегратор); 1500 мм (интегратор); 1500 мм (производитель); 1500 мм (производитель)";сходятся организатор и производитель
f7634ef8-0034-4c5b-b2f0-e44a14f05a76;ДиКом DMR Carrier P;max_speed_m_s;A;Проверено;1.5;м/с;интегратор, организатор, производитель;"1.5 м/с (организатор); 1.5 м/с (интегратор); 1.5 м/с (производитель)";сходятся организатор и производитель
f7634ef8-0034-4c5b-b2f0-e44a14f05a76;ДиКом DMR Carrier P;min_aisle_width_mm;D;Слабо;1885;мм;аналог;1885 мм (интегратор, аналог);"у решения значение не опубликовано, берем у похожей модели: аналог: SEER SFL-CDD14 (1400 кг, подъем 1600-3000 мм, 1710×989×1998 мм, 1,5 м/с, 10 ч, 2 ч, поддон на 3 полозьях); Carrier P длиннее на 265 мм, реальная ширина скорее больше"
f7634ef8-0034-4c5b-b2f0-e44a14f05a76;ДиКом DMR Carrier P;navigation_type;B;Подтверждено;SLAM на лидарах (без лент/QR);;интегратор, организатор;"SLAM на лидарах (без лент/QR) (организатор); SLAM (интегратор)";сходятся источники: интегратор, организатор
f7634ef8-0034-4c5b-b2f0-e44a14f05a76;ДиКом DMR Carrier P;payload_kg;B;Подтверждено;1500;кг;интегратор, организатор;"1500 кг (организатор); 1500 кг (интегратор); 1500 кг (интегратор)";сходятся источники: интегратор, организатор
f7634ef8-0034-4c5b-b2f0-e44a14f05a76;ДиКом DMR Carrier P;positioning_accuracy_mm;B;Подтверждено;±10;мм;интегратор, производитель;"10 мм (интегратор); ±10 мм (производитель)";сходятся источники: интегратор, производитель
f7634ef8-0034-4c5b-b2f0-e44a14f05a76;ДиКом DMR Carrier P;robot_mass_kg;D;Слабо;2000–2500;кг;организатор;"2000–2500 кг (организатор); 740 кг (интегратор, аналог)";только организатор
f7634ef8-0034-4c5b-b2f0-e44a14f05a76;ДиКом DMR Carrier P;runtime_h;A;Проверено;10;ч;интегратор, организатор, производитель;"10 ч (организатор); 10 ч (интегратор); 10 ч (производитель)";сходятся организатор и производитель
f7634ef8-0034-4c5b-b2f0-e44a14f05a76;ДиКом DMR Carrier P;throughput;D;Слабо;40–60;паллет/ч;организатор;40–60 паллет/ч (организатор);только организатор
993d980e-8b91-45e0-9c98-50ffab6e11e4;Сёмабот;charge_time_h;D;Слабо;1.5;ч;аналог;1.5 ч (интегратор, аналог);у решения значение не опубликовано, берем у похожей модели: аналог: Hikrobot Q7-1500CE-D, не более 1,5 ч
993d980e-8b91-45e0-9c98-50ffab6e11e4;Сёмабот;dimensions_mm;D;Слабо;1180×860×265;мм (Д×Ш×В);аналог;1180×860×265 мм (Д×Ш×В) (интегратор, аналог);"у решения значение не опубликовано, берем у похожей модели: аналог: Hikrobot Q7-1500CE-D; масса 277 кг, диаметр разворота 1265 мм"
993d980e-8b91-45e0-9c98-50ffab6e11e4;Сёмабот;max_speed_m_s;D;Слабо;1.5 (с грузом), 1.8 (без груза);м/с;аналог;"1.5 (с грузом), 1.8 (без груза) м/с (интегратор, аналог); 1.5 м/с (производитель, аналог)";у решения значение не опубликовано, берем у похожей модели: аналог: Hikrobot Q7-1500CE-D (подъемная платформа, 1500 кг, навигация по 2D-кодам, как у Сёмабота)
993d980e-8b91-45e0-9c98-50ffab6e11e4;Сёмабот;min_aisle_width_mm;F;Нет данных;;;;;значение не опубликовано
993d980e-8b91-45e0-9c98-50ffab6e11e4;Сёмабот;navigation_type;C;Один источник;SLAM (техническое зрение) или метки Data-matrix/QR;;производитель;"SLAM (техническое зрение) или метки Data-matrix/QR (производитель); QR-навигация (опц. SLAM) (СМИ)";"только производитель; решение испытано ФЦ БАС, это подтверждает работоспособность, но не цифры"
993d980e-8b91-45e0-9c98-50ffab6e11e4;Сёмабот;payload_kg;C;Один источник;50 / 400 / 1000 / 1500 / 2000 (линейка);кг;производитель;"50 / 400 / 1000 / 1500 / 2000 (линейка) кг (производитель); до 6000 (линейка) кг (СМИ); до 2000 (линейка) кг (СМИ)";"только производитель; решение испытано ФЦ БАС, это подтверждает работоспособность, но не цифры"
993d980e-8b91-45e0-9c98-50ffab6e11e4;Сёмабот;positioning_accuracy_mm;F;Нет данных;;;;;значение не опубликовано
993d980e-8b91-45e0-9c98-50ffab6e11e4;Сёмабот;robot_mass_kg;F;Нет данных;;;;;значение не опубликовано
993d980e-8b91-45e0-9c98-50ffab6e11e4;Сёмабот;runtime_h;D;Слабо;12;ч;СМИ;"12 ч (СМИ); 12 ч (СМИ); 6–8 ч (интегратор, аналог)";"только СМИ; решение испытано ФЦ БАС, это подтверждает работоспособность, но не цифры"
993d980e-8b91-45e0-9c98-50ffab6e11e4;Сёмабот;throughput;F;Нет данных;;;;;значение не опубликовано
5a36611d-033e-4893-bd49-5d4f776f57dd;Автомакон AK-2000-2;charge_time_h;C;Один источник;2;ч;производитель;2 ч (производитель);только производитель
5a36611d-033e-4893-bd49-5d4f776f57dd;Автомакон AK-2000-2;dimensions_mm;C;Один источник;1980×1065×2285;мм (Д×Ш×В);производитель;"1980×1065×2285 мм (Д×Ш×В) (производитель); 1980×1065×2285 мм (Д×Ш×В) (производитель)";только производитель
5a36611d-033e-4893-bd49-5d4f776f57dd;Автомакон AK-2000-2;lift_height_mm;C;Один источник;175;мм;производитель;"175 мм (производитель); 175 мм (производитель)";только производитель
5a36611d-033e-4893-bd49-5d4f776f57dd;Автомакон AK-2000-2;max_speed_m_s;C;Один источник;2.6;м/с;производитель;"2.6 м/с (производитель); 2.6 м/с (производитель)";только производитель
5a36611d-033e-4893-bd49-5d4f776f57dd;Автомакон AK-2000-2;min_aisle_width_mm;F;Нет данных;;;;;значение не опубликовано
5a36611d-033e-4893-bd49-5d4f776f57dd;Автомакон AK-2000-2;navigation_type;C;Один источник;3D Laser SLAM;;производитель;3D Laser SLAM (производитель);только производитель
5a36611d-033e-4893-bd49-5d4f776f57dd;Автомакон AK-2000-2;payload_kg;C;Один источник;2000;кг;производитель;"2000 кг (производитель); 2000 кг (производитель); 2000 кг (СМИ)";только производитель
5a36611d-033e-4893-bd49-5d4f776f57dd;Автомакон AK-2000-2;positioning_accuracy_mm;C;Один источник;±30;мм;производитель;"±30 мм (производитель); ±30 мм (производитель)";только производитель
5a36611d-033e-4893-bd49-5d4f776f57dd;Автомакон AK-2000-2;robot_mass_kg;C;Один источник;700;кг;производитель;"700 кг (производитель); 700 кг (производитель)";только производитель
5a36611d-033e-4893-bd49-5d4f776f57dd;Автомакон AK-2000-2;runtime_h;C;Один источник;6–8;ч;производитель;"6–8 ч (производитель); 6–8 ч (производитель)";только производитель
5a36611d-033e-4893-bd49-5d4f776f57dd;Автомакон AK-2000-2;throughput;C;Один источник;5,2 паллеты/ч на робота;паллет/ч;производитель;5,2 паллеты/ч на робота паллет/ч (производитель);только производитель
2ffc706d-fe43-4c2b-baad-a624a95ad3ce;Робот-штабелёр RoboCV;charge_time_h;F;Нет данных;;;;2 ч (СМИ, устарело);есть только устаревшие значения
2ffc706d-fe43-4c2b-baad-a624a95ad3ce;Робот-штабелёр RoboCV;dimensions_mm;B;Подтверждено;2100×1100×3000;мм (Д×Ш×В);интегратор, производитель;"2100×1100×3000 мм (Д×Ш×В) (производитель); 2100×1100×3000 мм (Д×Ш×В) (интегратор)";сходятся источники: интегратор, производитель
2ffc706d-fe43-4c2b-baad-a624a95ad3ce;Робот-штабелёр RoboCV;lift_height_mm;C;Один источник;7000;мм;производитель;"7000 мм (производитель); 4500 мм (СМИ, устарело)";только производитель
2ffc706d-fe43-4c2b-baad-a624a95ad3ce;Робот-штабелёр RoboCV;max_speed_m_s;C;Один источник;2;м/с;производитель;2 м/с (производитель);только производитель
2ffc706d-fe43-4c2b-baad-a624a95ad3ce;Робот-штабелёр RoboCV;min_aisle_width_mm;E;Спорно;2900;мм (для разворота);интегратор, производитель;"2900 мм (для разворота) (производитель); 1800 мм (интегратор)";источники расходятся больше чем на 10%, в расчете: значение хуже для окупаемости
2ffc706d-fe43-4c2b-baad-a624a95ad3ce;Робот-штабелёр RoboCV;navigation_type;F;Нет данных;;;;;значение не опубликовано
2ffc706d-fe43-4c2b-baad-a624a95ad3ce;Робот-штабелёр RoboCV;payload_kg;C;Один источник;1400;кг;производитель;1400 кг (производитель);только производитель
2ffc706d-fe43-4c2b-baad-a624a95ad3ce;Робот-штабелёр RoboCV;positioning_accuracy_mm;C;Один источник;±30;мм;производитель;±30 мм (производитель);только производитель
2ffc706d-fe43-4c2b-baad-a624a95ad3ce;Робот-штабелёр RoboCV;robot_mass_kg;C;Один источник;1200;кг;производитель;1200 кг (производитель);только производитель
2ffc706d-fe43-4c2b-baad-a624a95ad3ce;Робот-штабелёр RoboCV;runtime_h;C;Один источник;24/7 (замена/подзарядка АКБ);;производитель;"24/7 (замена/подзарядка АКБ) (производитель); одна смена (Pb); 22 ч работы + 2 ч зарядки (Li-ion, план) ч (СМИ, устарело)";только производитель
2ffc706d-fe43-4c2b-baad-a624a95ad3ce;Робот-штабелёр RoboCV;throughput;D;Слабо;30 (средняя), до 40;паллет/ч;аналог;30 (средняя), до 40 паллет/ч (СМИ, аналог);"у решения значение не опубликовано, берем у похожей модели: аналог: RoboCV X-Motion NG (предыдущая модель того же производителя, подъем до 4 м); для штабелера 7 м производительность не найдена"
b4a9ef38-b68a-4c0f-8512-9bc9a718c4e1;Робот-тягач RoboCV;charge_time_h;F;Нет данных;;;;2 ч (СМИ, устарело);есть только устаревшие значения
b4a9ef38-b68a-4c0f-8512-9bc9a718c4e1;Робот-тягач RoboCV;dimensions_mm;C;Один источник;1600×800×2200;мм (Д×Ш×В);производитель;1600×800×2200 мм (Д×Ш×В) (производитель);только производитель
b4a9ef38-b68a-4c0f-8512-9bc9a718c4e1;Робот-тягач RoboCV;max_speed_m_s;C;Один источник;2.2;м/с;производитель;2.2 м/с (производитель);только производитель
b4a9ef38-b68a-4c0f-8512-9bc9a718c4e1;Робот-тягач RoboCV;min_aisle_width_mm;C;Один источник;2900;мм (для разворота);производитель;2900 мм (для разворота) (производитель);только производитель
b4a9ef38-b68a-4c0f-8512-9bc9a718c4e1;Робот-тягач RoboCV;navigation_type;C;Один источник;движение по заранее проложенным маршрутам;;производитель;движение по заранее проложенным маршрутам (производитель);только производитель
b4a9ef38-b68a-4c0f-8512-9bc9a718c4e1;Робот-тягач RoboCV;payload_kg;C;Один источник;до 5000 (буксируемый груз);кг;производитель;до 5000 (буксируемый груз) кг (производитель);только производитель
b4a9ef38-b68a-4c0f-8512-9bc9a718c4e1;Робот-тягач RoboCV;positioning_accuracy_mm;C;Один источник;±50;мм;производитель;±50 мм (производитель);только производитель
b4a9ef38-b68a-4c0f-8512-9bc9a718c4e1;Робот-тягач RoboCV;robot_mass_kg;C;Один источник;1220;кг;производитель;1220 кг (производитель);только производитель
b4a9ef38-b68a-4c0f-8512-9bc9a718c4e1;Робот-тягач RoboCV;runtime_h;C;Один источник;24/7 (замена/подзарядка АКБ);;производитель;"24/7 (замена/подзарядка АКБ) (производитель); одна смена (Pb); 22 ч работы + 2 ч зарядки (Li-ion, план) ч (СМИ, устарело)";только производитель
b4a9ef38-b68a-4c0f-8512-9bc9a718c4e1;Робот-тягач RoboCV;throughput;F;Нет данных;;;;;значение не опубликовано
0ece582a-084c-4a8b-99f4-576f0e01b7c8;ARS SmartCube;charge_time_h;C;Один источник;4;ч;производитель;4 ч (производитель);только производитель
0ece582a-084c-4a8b-99f4-576f0e01b7c8;ARS SmartCube;dimensions_mm;C;Один источник;"ящик EC-64 600×400, высота 220–420; до 14 уровней";мм;производитель;"ящик EC-64 600×400, высота 220–420; до 14 уровней мм (производитель)";только производитель
0ece582a-084c-4a8b-99f4-576f0e01b7c8;ARS SmartCube;lift_height_mm;E;Спорно;6000;мм (макс. высота шахт);производитель;"6000 мм (макс. высота шахт) (производитель); 14000 мм (высота шахт) (производитель); 6000 мм (СМИ)";источники расходятся больше чем на 10%, в расчете: значение хуже для окупаемости
0ece582a-084c-4a8b-99f4-576f0e01b7c8;ARS SmartCube;max_speed_m_s;E;Спорно;2.1;м/с;производитель;"2.7 м/с (производитель); 2.1 м/с (производитель); 4 м/с (СМИ)";источники расходятся больше чем на 10%, в расчете: значение хуже для окупаемости
0ece582a-084c-4a8b-99f4-576f0e01b7c8;ARS SmartCube;navigation_type;C;Один источник;рельсовая 2D-сетка над шахтами, датчики на роботе;;производитель;рельсовая 2D-сетка над шахтами, датчики на роботе (производитель);только производитель
0ece582a-084c-4a8b-99f4-576f0e01b7c8;ARS SmartCube;payload_kg;C;Один источник;30 (ящик);кг;производитель;30 (ящик) кг (производитель);только производитель
0ece582a-084c-4a8b-99f4-576f0e01b7c8;ARS SmartCube;positioning_accuracy_mm;F;Нет данных;;;;;значение не опубликовано
0ece582a-084c-4a8b-99f4-576f0e01b7c8;ARS SmartCube;robot_mass_kg;C;Один источник;130;кг (без ящика);производитель;130 кг (без ящика) (производитель);только производитель
0ece582a-084c-4a8b-99f4-576f0e01b7c8;ARS SmartCube;runtime_h;C;Один источник;8;ч;производитель;8 ч (производитель);только производитель
0ece582a-084c-4a8b-99f4-576f0e01b7c8;ARS SmartCube;throughput;C;Один источник;200;ящиков/ч на станцию;производитель;"200 ящиков/ч на станцию (производитель); 50→400 SKU/ч на сотрудника (СМИ)";только производитель
19a68304-56f7-432f-afd8-b97b2b8466ba;Беспилотный погрузчик (МФТИ);charge_time_h;F;Нет данных;;;;;значение не опубликовано
19a68304-56f7-432f-afd8-b97b2b8466ba;Беспилотный погрузчик (МФТИ);dimensions_mm;D;Слабо;1654×550;мм (Д×Ш);аналог;1654×550 мм (Д×Ш) (производитель, аналог);"у решения значение не опубликовано, берем у похожей модели: аналог: SMARTLIFT CBD20W-E без датчиков и камер робота; ширина рабочего коридора (AST) 2128 мм"
19a68304-56f7-432f-afd8-b97b2b8466ba;Беспилотный погрузчик (МФТИ);lift_height_mm;F;Нет данных;;;;;значение не опубликовано
19a68304-56f7-432f-afd8-b97b2b8466ba;Беспилотный погрузчик (МФТИ);max_speed_m_s;D;Слабо;1.19 (с грузом), 1.33 (без груза);м/с;аналог;1.19 (с грузом), 1.33 (без груза) м/с (производитель, аналог);у решения значение не опубликовано, берем у похожей модели: аналог: самоходная тележка SMARTLIFT CBD20W-E 2000 кг (базовая модель МФТИ не названа, взят типовой класс 2 т)
19a68304-56f7-432f-afd8-b97b2b8466ba;Беспилотный погрузчик (МФТИ);min_aisle_width_mm;F;Нет данных;;;;;значение не опубликовано
19a68304-56f7-432f-afd8-b97b2b8466ba;Беспилотный погрузчик (МФТИ);navigation_type;D;Слабо;"камера + потолочные оптические метки (код Хэмминга); 2 лидара безопасности";;СМИ;"камера + потолочные оптические метки (код Хэмминга); 2 лидара безопасности (СМИ)";только СМИ
19a68304-56f7-432f-afd8-b97b2b8466ba;Беспилотный погрузчик (МФТИ);payload_kg;D;Слабо;2000;кг;СМИ;"2000 кг (СМИ); 2000 кг (СМИ)";только СМИ
19a68304-56f7-432f-afd8-b97b2b8466ba;Беспилотный погрузчик (МФТИ);positioning_accuracy_mm;F;Нет данных;;;;;значение не опубликовано
19a68304-56f7-432f-afd8-b97b2b8466ba;Беспилотный погрузчик (МФТИ);robot_mass_kg;F;Нет данных;;;;;значение не опубликовано
19a68304-56f7-432f-afd8-b97b2b8466ba;Беспилотный погрузчик (МФТИ);runtime_h;D;Слабо;12;ч;СМИ;12 ч (СМИ);только СМИ
19a68304-56f7-432f-afd8-b97b2b8466ba;Беспилотный погрузчик (МФТИ);throughput;D;Слабо;около 2500 паллет в месяц на робота;;СМИ;около 2500 паллет в месяц на робота (СМИ);только СМИ
ecd7d582-b342-449a-b43b-66288d159a32;SM Robotics MULE;charge_time_h;D;Слабо;1;ч;аналог;1 ч (интегратор, аналог);у решения значение не опубликовано, берем у похожей модели: аналог: SEER SFL-CBD15-CE
ecd7d582-b342-449a-b43b-66288d159a32;SM Robotics MULE;dimensions_mm;D;Слабо;1685×980×1906;мм (Д×Ш×В);аналог;1685×980×1906 мм (Д×Ш×В) (интегратор, аналог);"у решения значение не опубликовано, берем у похожей модели: аналог: SEER SFL-CBD15-CE; масса 403 кг, подъем вил 205 мм"
ecd7d582-b342-449a-b43b-66288d159a32;SM Robotics MULE;lift_height_mm;F;Нет данных;;;;;значение не опубликовано
ecd7d582-b342-449a-b43b-66288d159a32;SM Robotics MULE;max_speed_m_s;C;Один источник;1.3;м/с;производитель;1.3 м/с (производитель);только производитель
ecd7d582-b342-449a-b43b-66288d159a32;SM Robotics MULE;min_aisle_width_mm;D;Слабо;2220;мм;аналог;2220 мм (интегратор, аналог);"у решения значение не опубликовано, берем у похожей модели: аналог: SEER SFL-CBD15-CE; диаметр разворота 1532 мм"
ecd7d582-b342-449a-b43b-66288d159a32;SM Robotics MULE;navigation_type;C;Один источник;SLAM;;производитель;SLAM (производитель);только производитель
ecd7d582-b342-449a-b43b-66288d159a32;SM Robotics MULE;payload_kg;C;Один источник;1500;кг;производитель;1500 кг (производитель);только производитель
ecd7d582-b342-449a-b43b-66288d159a32;SM Robotics MULE;positioning_accuracy_mm;F;Нет данных;;;;;значение не опубликовано
ecd7d582-b342-449a-b43b-66288d159a32;SM Robotics MULE;robot_mass_kg;F;Нет данных;;;;;значение не опубликовано
ecd7d582-b342-449a-b43b-66288d159a32;SM Robotics MULE;runtime_h;D;Слабо;6;ч;аналог;6 ч (интегратор, аналог);у решения значение не опубликовано, берем у похожей модели: аналог: SEER SFL-CBD15-CE (вилочный робот-палетоперевозчик 1500 кг, 1,4 м/с)
ecd7d582-b342-449a-b43b-66288d159a32;SM Robotics MULE;throughput;F;Нет данных;;;;;значение не опубликовано
cebbdfa8-500a-425f-bcbc-ad2dcc106539;ДиКом AS-RS P;dimensions_mm;C;Один источник;тара EUR-поддон 1200×800;мм;интегратор;тара EUR-поддон 1200×800 мм (интегратор);только интегратор
cebbdfa8-500a-425f-bcbc-ad2dcc106539;ДиКом AS-RS P;lift_height_mm;C;Один источник;24000;мм;интегратор;24000 мм (интегратор);только интегратор
cebbdfa8-500a-425f-bcbc-ad2dcc106539;ДиКом AS-RS P;max_speed_m_s;C;Один источник;3 (гор.) / 1 (верт.);м/с;интегратор;"3 (гор.) / 1 (верт.) м/с (интегратор); 2 (гор.) м/с (интегратор)";только интегратор
cebbdfa8-500a-425f-bcbc-ad2dcc106539;ДиКом AS-RS P;payload_kg;C;Один источник;3000;кг;интегратор;3000 кг (интегратор);только интегратор
cebbdfa8-500a-425f-bcbc-ad2dcc106539;ДиКом AS-RS P;positioning_accuracy_mm;F;Нет данных;;;;;значение не опубликовано
cebbdfa8-500a-425f-bcbc-ad2dcc106539;ДиКом AS-RS P;robot_mass_kg;F;Нет данных;;;;;значение не опубликовано
cebbdfa8-500a-425f-bcbc-ad2dcc106539;ДиКом AS-RS P;throughput;F;Нет данных;;;;;значение не опубликовано
c125ce9a-8f04-4183-a136-5ddbb3c5ae89;ДиКом AS-RS B;dimensions_mm;C;Один источник;тара KLT 600×400×220/340/420;мм;интегратор;тара KLT 600×400×220/340/420 мм (интегратор);только интегратор
c125ce9a-8f04-4183-a136-5ddbb3c5ae89;ДиКом AS-RS B;lift_height_mm;C;Один источник;12000;мм;интегратор;12000 мм (интегратор);только интегратор
c125ce9a-8f04-4183-a136-5ddbb3c5ae89;ДиКом AS-RS B;max_speed_m_s;C;Один источник;4 (гор.) / 2 (верт.);м/с;интегратор;4 (гор.) / 2 (верт.) м/с (интегратор);только интегратор
c125ce9a-8f04-4183-a136-5ddbb3c5ae89;ДиКом AS-RS B;payload_kg;C;Один источник;30;кг (на робота-штабелёр);интегратор;30 кг (на робота-штабелёр) (интегратор);только интегратор
c125ce9a-8f04-4183-a136-5ddbb3c5ae89;ДиКом AS-RS B;positioning_accuracy_mm;F;Нет данных;;;;;значение не опубликовано
c125ce9a-8f04-4183-a136-5ddbb3c5ae89;ДиКом AS-RS B;robot_mass_kg;F;Нет данных;;;;;значение не опубликовано
c125ce9a-8f04-4183-a136-5ddbb3c5ae89;ДиКом AS-RS B;throughput;F;Нет данных;;;;;значение не опубликовано
eff2586c-892d-4e44-a407-1ec7f06c8f76;Стелкон Pallet Shuttle;charge_time_h;F;Нет данных;;;;;значение не опубликовано
eff2586c-892d-4e44-a407-1ec7f06c8f76;Стелкон Pallet Shuttle;dimensions_mm;D;Слабо;≈1200×800×200;мм;организатор;≈1200×800×200 мм (организатор);только организатор
eff2586c-892d-4e44-a407-1ec7f06c8f76;Стелкон Pallet Shuttle;lift_height_mm;D;Слабо;12000–15000;мм (высота склада);организатор;12000–15000 мм (высота склада) (организатор);только организатор
eff2586c-892d-4e44-a407-1ec7f06c8f76;Стелкон Pallet Shuttle;max_speed_m_s;D;Слабо;0.75–1.0;м/с;организатор;0.75–1.0 м/с (организатор);только организатор
eff2586c-892d-4e44-a407-1ec7f06c8f76;Стелкон Pallet Shuttle;payload_kg;D;Слабо;1500;кг;организатор;1500 кг (организатор);только организатор
eff2586c-892d-4e44-a407-1ec7f06c8f76;Стелкон Pallet Shuttle;robot_mass_kg;F;Нет данных;;;;;значение не опубликовано
eff2586c-892d-4e44-a407-1ec7f06c8f76;Стелкон Pallet Shuttle;runtime_h;D;Слабо;8–10+;ч;организатор;8–10+ ч (организатор);только организатор
eff2586c-892d-4e44-a407-1ec7f06c8f76;Стелкон Pallet Shuttle;throughput;D;Слабо;80–120;паллет/ч на канал;организатор;80–120 паллет/ч на канал (организатор);только организатор
ce44017e-6ada-421d-bbce-6869b33c2cda;Эйдос А25-1720;payload_kg;B;Подтверждено;25;кг;интегратор, организатор;"25 кг (организатор); 25 кг (интегратор)";сходятся источники: интегратор, организатор
ce44017e-6ada-421d-bbce-6869b33c2cda;Эйдос А25-1720;positioning_accuracy_mm;C;Один источник;±0.05 (повторяемость);мм;интегратор;±0.05 (повторяемость) мм (интегратор);только интегратор
ce44017e-6ada-421d-bbce-6869b33c2cda;Эйдос А25-1720;robot_mass_kg;C;Один источник;235;кг;интегратор;235 кг (интегратор);только интегратор
fceeacf0-579f-46cc-92ff-2057fea5da7f;Эйдос А12-1450;payload_kg;C;Один источник;12;кг;интегратор;12 кг (интегратор);только интегратор
fceeacf0-579f-46cc-92ff-2057fea5da7f;Эйдос А12-1450;positioning_accuracy_mm;C;Один источник;±0.05 (повторяемость);мм;интегратор;±0.05 (повторяемость) мм (интегратор);только интегратор
fceeacf0-579f-46cc-92ff-2057fea5da7f;Эйдос А12-1450;robot_mass_kg;F;Нет данных;;;;;значение не опубликовано
9dfb0b55-4d9e-47fc-8a28-ad4390147a26;Робот-инвентаризатор (Яндекс Роботикс);charge_time_h;F;Нет данных;;;;;значение не опубликовано
9dfb0b55-4d9e-47fc-8a28-ad4390147a26;Робот-инвентаризатор (Яндекс Роботикс);dimensions_mm;F;Нет данных;;;;;значение не опубликовано
9dfb0b55-4d9e-47fc-8a28-ad4390147a26;Робот-инвентаризатор (Яндекс Роботикс);max_speed_m_s;F;Нет данных;;;;;значение не опубликовано
9dfb0b55-4d9e-47fc-8a28-ad4390147a26;Робот-инвентаризатор (Яндекс Роботикс);min_aisle_width_mm;F;Нет данных;;;;;значение не опубликовано
9dfb0b55-4d9e-47fc-8a28-ad4390147a26;Робот-инвентаризатор (Яндекс Роботикс);navigation_type;C;Один источник;лидар + цифровая модель топологии склада;;производитель;"лидар + цифровая модель топологии склада (производитель); лидар + камеры + ультразвуковые датчики (СМИ)";только производитель
9dfb0b55-4d9e-47fc-8a28-ad4390147a26;Робот-инвентаризатор (Яндекс Роботикс);positioning_accuracy_mm;F;Нет данных;;;;;значение не опубликовано
9dfb0b55-4d9e-47fc-8a28-ad4390147a26;Робот-инвентаризатор (Яндекс Роботикс);robot_mass_kg;F;Нет данных;;;;;значение не опубликовано
9dfb0b55-4d9e-47fc-8a28-ad4390147a26;Робот-инвентаризатор (Яндекс Роботикс);runtime_h;F;Нет данных;;;;;значение не опубликовано
9dfb0b55-4d9e-47fc-8a28-ad4390147a26;Робот-инвентаризатор (Яндекс Роботикс);throughput;D;Слабо;до 30 000;паллет/ч;СМИ;"до 30 000 паллет/ч (СМИ); до 30 000 паллет/ч (СМИ)";только СМИ
242d637c-6512-4bdf-9964-2c0010259f36;AI Stock Counter 12M (Автомакон/Neurus);charge_time_h;F;Нет данных;;;;;значение не опубликовано
242d637c-6512-4bdf-9964-2c0010259f36;AI Stock Counter 12M (Автомакон/Neurus);dimensions_mm;F;Нет данных;;;;;значение не опубликовано
242d637c-6512-4bdf-9964-2c0010259f36;AI Stock Counter 12M (Автомакон/Neurus);lift_height_mm;C;Один источник;12000 (мачта);мм;производитель;"12000 (мачта) мм (производитель); 12000 (мачта) мм (производитель); до 14000 мм (СМИ)";только производитель
242d637c-6512-4bdf-9964-2c0010259f36;AI Stock Counter 12M (Автомакон/Neurus);max_speed_m_s;C;Один источник;0.6;м/с;производитель;"0.6 м/с (производитель); 0.6 м/с (производитель)";только производитель
242d637c-6512-4bdf-9964-2c0010259f36;AI Stock Counter 12M (Автомакон/Neurus);min_aisle_width_mm;F;Нет данных;;;;;значение не опубликовано
242d637c-6512-4bdf-9964-2c0010259f36;AI Stock Counter 12M (Автомакон/Neurus);navigation_type;D;Слабо;"камеры + подсветка; перемещение совместно с паллетоперевозчиком/погрузчиком";;СМИ;"камеры + подсветка; перемещение совместно с паллетоперевозчиком/погрузчиком (СМИ)";только СМИ
242d637c-6512-4bdf-9964-2c0010259f36;AI Stock Counter 12M (Автомакон/Neurus);positioning_accuracy_mm;F;Нет данных;;;;;значение не опубликовано
242d637c-6512-4bdf-9964-2c0010259f36;AI Stock Counter 12M (Автомакон/Neurus);robot_mass_kg;F;Нет данных;;;;;значение не опубликовано
242d637c-6512-4bdf-9964-2c0010259f36;AI Stock Counter 12M (Автомакон/Neurus);runtime_h;C;Один источник;2;ч;производитель;"2 ч (производитель); 2 ч (производитель)";только производитель
242d637c-6512-4bdf-9964-2c0010259f36;AI Stock Counter 12M (Автомакон/Neurus);throughput;C;Один источник;от 12 600;ячеек/ч;производитель;от 12 600 ячеек/ч (производитель);только производитель
446c5207-a099-45e0-b615-afd60de08589;R2B MARK 2 SE;charge_time_h;A;Проверено;2;ч;организатор, производитель;"2 ч (организатор); 2 ч (производитель)";"сходятся организатор и производитель; решение испытано ФЦ БАС, это подтверждает работоспособность, но не цифры"
446c5207-a099-45e0-b615-afd60de08589;R2B MARK 2 SE;dimensions_mm;A;Проверено;860×610×980;мм (Д×Ш×В);организатор, производитель;"860×610×980 мм (Д×Ш×В) (организатор); 860×610×980 мм (Д×Ш×В) (производитель)";"сходятся организатор и производитель; решение испытано ФЦ БАС, это подтверждает работоспособность, но не цифры"
446c5207-a099-45e0-b615-afd60de08589;R2B MARK 2 SE;max_speed_m_s;D;Слабо;0.83–1.11;м/с;организатор;0.83–1.11 м/с (организатор);"только организатор; решение испытано ФЦ БАС, это подтверждает работоспособность, но не цифры"
446c5207-a099-45e0-b615-afd60de08589;R2B MARK 2 SE;min_aisle_width_mm;A;Проверено;1300;мм;производитель, эксплуатант;"1300 мм (производитель); 1300 мм (производитель); >1200 (проходы уже 1,2 м не убирает) мм (эксплуатант)";"производитель и независимый источник; решение испытано ФЦ БАС, это подтверждает работоспособность, но не цифры"
446c5207-a099-45e0-b615-afd60de08589;R2B MARK 2 SE;navigation_type;B;Подтверждено;лидар + камеры (авто-карта);;интегратор, организатор;"лидар + камеры (авто-карта) (организатор); 3D LiDAR + 3D камера глубины (интегратор)";"сходятся источники: интегратор, организатор; решение испытано ФЦ БАС, это подтверждает работоспособность, но не цифры"
446c5207-a099-45e0-b615-afd60de08589;R2B MARK 2 SE;robot_mass_kg;D;Слабо;130–200;кг;организатор;130–200 кг (организатор);"только организатор; решение испытано ФЦ БАС, это подтверждает работоспособность, но не цифры"
446c5207-a099-45e0-b615-afd60de08589;R2B MARK 2 SE;runtime_h;E;Спорно;3;ч;организатор, производитель;"3 ч (организатор); 3 ч (производитель); 4 ч (производитель)";"источники расходятся больше чем на 10%, в расчете: данные организатора; решение испытано ФЦ БАС, это подтверждает работоспособность, но не цифры"
446c5207-a099-45e0-b615-afd60de08589;R2B MARK 2 SE;throughput;E;Спорно;600–700 (реальные условия);м²/ч;интегратор, организатор, производитель;"до 1000 м²/ч (организатор); 600–700 (реальные условия) м²/ч (производитель); до 1000 (торговые залы) / до 1800 (склады) м²/ч (интегратор); 600 м²/ч (производитель)";"источники расходятся больше чем на 10%, в расчете: актуальная страница производителя хуже данных организатора; решение испытано ФЦ БАС, это подтверждает работоспособность, но не цифры"
e2095cfe-3ce4-404e-a4bb-2f378480d7ca;Автомакон АК-SC80;charge_time_h;D;Слабо;4-5;ч;аналог;4-5 ч (интегратор, аналог);"у решения значение не опубликовано, берем у похожей модели: аналог: VIGGO SC80 (PRO); у АК-SC80 батарея 36 В/200 Ач и бак 310 л (140+170) как у него, вероятно та же машина под маркой Автомакона; umserv: 5 ч"
e2095cfe-3ce4-404e-a4bb-2f378480d7ca;Автомакон АК-SC80;dimensions_mm;D;Слабо;1340×1024×1350;мм (Д×Ш×В);аналог;1340×1024×1350 мм (Д×Ш×В) (интегратор, аналог);"у решения значение не опубликовано, берем у похожей модели: аналог: VIGGO SC80 (PRO); у АК-SC80 батарея 36 В/200 Ач и бак 310 л (140+170) как у него, вероятно та же машина под маркой Автомакона"
e2095cfe-3ce4-404e-a4bb-2f378480d7ca;Автомакон АК-SC80;max_speed_m_s;D;Слабо;1.5;м/с;аналог;1.5 м/с (интегратор, аналог);"у решения значение не опубликовано, берем у похожей модели: аналог: VIGGO SC80 (PRO); у АК-SC80 батарея 36 В/200 Ач и бак 310 л (140+170) как у него, вероятно та же машина под маркой Автомакона; то же на https://www.umserv.ru/catalog/roboty/roboty-dlya-uborki/polomoechnaya-mashina-viggo-sc80/"
e2095cfe-3ce4-404e-a4bb-2f378480d7ca;Автомакон АК-SC80;min_aisle_width_mm;D;Слабо;1200;мм;аналог;1200 мм (интегратор, аналог);"у решения значение не опубликовано, берем у похожей модели: аналог: VIGGO SC80 (PRO); у АК-SC80 батарея 36 В/200 Ач и бак 310 л (140+170) как у него, вероятно та же машина под маркой Автомакона"
e2095cfe-3ce4-404e-a4bb-2f378480d7ca;Автомакон АК-SC80;navigation_type;F;Нет данных;;;;;значение не опубликовано
e2095cfe-3ce4-404e-a4bb-2f378480d7ca;Автомакон АК-SC80;robot_mass_kg;D;Слабо;400;кг;аналог;400 кг (интегратор, аналог);"у решения значение не опубликовано, берем у похожей модели: аналог: VIGGO SC80 (PRO); у АК-SC80 батарея 36 В/200 Ач и бак 310 л (140+170) как у него, вероятно та же машина под маркой Автомакона"
e2095cfe-3ce4-404e-a4bb-2f378480d7ca;Автомакон АК-SC80;runtime_h;D;Слабо;4-6;ч;аналог;"4-6 ч (интегратор, аналог); 4-6 (чистка) / 10-12 (мытье) ч (интегратор, аналог)";"у решения значение не опубликовано, берем у похожей модели: аналог: VIGGO SC80 (PRO); у АК-SC80 батарея 36 В/200 Ач и бак 310 л (140+170) как у него, вероятно та же машина под маркой Автомакона"
e2095cfe-3ce4-404e-a4bb-2f378480d7ca;Автомакон АК-SC80;throughput;D;Слабо;4000 (макс.);м²/ч;аналог;"3000 м²/ч (производитель, устарело); 4000 (макс.) м²/ч (интегратор, аналог)";"у решения значение не опубликовано, берем у похожей модели: аналог: VIGGO SC80 (PRO); у АК-SC80 батарея 36 В/200 Ач и бак 310 л (140+170) как у него, вероятно та же машина под маркой Автомакона; у Автомакона 3000"
f31223c1-44c8-4410-8381-6356e2158b61;Клинботикс (Cleanbotics) 400 PRO;charge_time_h;B;Подтверждено;1;ч;интегратор, производитель;"1 ч (производитель); 1 ч (интегратор)";"сходятся источники: интегратор, производитель; решение испытано ФЦ БАС, это подтверждает работоспособность, но не цифры"
f31223c1-44c8-4410-8381-6356e2158b61;Клинботикс (Cleanbotics) 400 PRO;dimensions_mm;B;Подтверждено;676×560×744;мм (Д×Ш×В);интегратор, производитель;"676×560×744 мм (Д×Ш×В) (производитель); 676×560×744 мм (Д×Ш×В) (интегратор)";"сходятся источники: интегратор, производитель; решение испытано ФЦ БАС, это подтверждает работоспособность, но не цифры"
f31223c1-44c8-4410-8381-6356e2158b61;Клинботикс (Cleanbotics) 400 PRO;max_speed_m_s;F;Нет данных;;;;;значение не опубликовано
f31223c1-44c8-4410-8381-6356e2158b61;Клинботикс (Cleanbotics) 400 PRO;min_aisle_width_mm;B;Подтверждено;700;мм;интегратор, производитель;"700 мм (производитель); 700 мм (интегратор)";"сходятся источники: интегратор, производитель; решение испытано ФЦ БАС, это подтверждает работоспособность, но не цифры"
f31223c1-44c8-4410-8381-6356e2158b61;Клинботикс (Cleanbotics) 400 PRO;navigation_type;C;Один источник;3D-лидар 360° + 5 доп. лидаров, SLAM;;производитель;3D-лидар 360° + 5 доп. лидаров, SLAM (производитель);"только производитель; решение испытано ФЦ БАС, это подтверждает работоспособность, но не цифры"
f31223c1-44c8-4410-8381-6356e2158b61;Клинботикс (Cleanbotics) 400 PRO;robot_mass_kg;C;Один источник;50;кг;производитель;50 кг (производитель);"только производитель; решение испытано ФЦ БАС, это подтверждает работоспособность, но не цифры"
f31223c1-44c8-4410-8381-6356e2158b61;Клинботикс (Cleanbotics) 400 PRO;runtime_h;B;Подтверждено;3;ч (влажная уборка);интегратор, производитель;"3 ч (влажная уборка) (производитель); 3 ч (интегратор)";"сходятся источники: интегратор, производитель; решение испытано ФЦ БАС, это подтверждает работоспособность, но не цифры"
f31223c1-44c8-4410-8381-6356e2158b61;Клинботикс (Cleanbotics) 400 PRO;throughput;B;Подтверждено;700–1200;м²/ч;интегратор, производитель;"700–1200 м²/ч (производитель); 700 (практ.) / 1500 (теор.) м²/ч (интегратор); 700-1200 м²/ч (производитель); 700 м²/ч (производитель)";"сходятся источники: интегратор, производитель; решение испытано ФЦ БАС, это подтверждает работоспособность, но не цифры"
5a5b3599-bd64-4330-9bbb-4f8ce7d780b9;Клинботикс (Cleanbotics) 600;charge_time_h;B;Подтверждено;1 (быстрый) / 2 (обычный);ч;интегратор, производитель;"1 (быстрый) / 2 (обычный) ч (производитель); 1 ч (интегратор)";"сходятся источники: интегратор, производитель; решение испытано ФЦ БАС, это подтверждает работоспособность, но не цифры"
5a5b3599-bd64-4330-9bbb-4f8ce7d780b9;Клинботикс (Cleanbotics) 600;dimensions_mm;B;Подтверждено;750×700×1000;мм (Д×Ш×В);интегратор, производитель;"750×700×1000 мм (Д×Ш×В) (производитель); 750×700×1000 мм (Д×Ш×В) (интегратор)";"сходятся источники: интегратор, производитель; решение испытано ФЦ БАС, это подтверждает работоспособность, но не цифры"
5a5b3599-bd64-4330-9bbb-4f8ce7d780b9;Клинботикс (Cleanbotics) 600;max_speed_m_s;F;Нет данных;;;;;значение не опубликовано
5a5b3599-bd64-4330-9bbb-4f8ce7d780b9;Клинботикс (Cleanbotics) 600;min_aisle_width_mm;B;Подтверждено;750;мм;интегратор, производитель;"750 мм (производитель); 750 мм (интегратор)";"сходятся источники: интегратор, производитель; решение испытано ФЦ БАС, это подтверждает работоспособность, но не цифры"
5a5b3599-bd64-4330-9bbb-4f8ce7d780b9;Клинботикс (Cleanbotics) 600;navigation_type;C;Один источник;3D-лидар 360° + 3 доп. лидара, SLAM;;производитель;3D-лидар 360° + 3 доп. лидара, SLAM (производитель);"только производитель; решение испытано ФЦ БАС, это подтверждает работоспособность, но не цифры"
5a5b3599-bd64-4330-9bbb-4f8ce7d780b9;Клинботикс (Cleanbotics) 600;robot_mass_kg;E;Спорно;140;кг;интегратор, организатор, производитель;"140 кг (производитель); 140 кг (интегратор); 90 кг (организатор)";"источники расходятся больше чем на 10%, в расчете: актуальная страница производителя хуже данных организатора; решение испытано ФЦ БАС, это подтверждает работоспособность, но не цифры"
5a5b3599-bd64-4330-9bbb-4f8ce7d780b9;Клинботикс (Cleanbotics) 600;runtime_h;E;Спорно;3;ч;интегратор, производитель;"3 ч (производитель); 5 ч (режим мойки) (производитель); 4 ч (влажная уборка) (интегратор); 4–5 ч (интегратор); 4 ч (производитель); 4 ч (производитель)";"источники расходятся больше чем на 10%, в расчете: значение хуже для окупаемости; решение испытано ФЦ БАС, это подтверждает работоспособность, но не цифры"
5a5b3599-bd64-4330-9bbb-4f8ce7d780b9;Клинботикс (Cleanbotics) 600;throughput;A;Проверено;1000–2300;м²/ч;интегратор, организатор, производитель;"1000–2300 м²/ч (производитель); 1000 (практ.) / 2300 (теор.) м²/ч (интегратор); до 1500 м²/ч (организатор); 1000-1500 м²/ч (производитель); 1600 м²/ч (производитель)";"сходятся организатор и производитель; решение испытано ФЦ БАС, это подтверждает работоспособность, но не цифры"
e8960183-1828-4fdb-8c39-91f5a3523a96;РУБИ-С-03;charge_time_h;E;Спорно;3.5;ч;производитель;"3 ч (производитель); 3.5 ч (производитель); 3.5 ч (производитель); 3–4 ч (интегратор, аналог)";"источники расходятся больше чем на 10%, в расчете: значение хуже для окупаемости; решение испытано ФЦ БАС, это подтверждает работоспособность, но не цифры"
e8960183-1828-4fdb-8c39-91f5a3523a96;РУБИ-С-03;dimensions_mm;C;Один источник;1160×580×1210;мм (Д×Ш×В);производитель;"1160×580×1210 мм (Д×Ш×В) (производитель); 1120×580×1150 мм (интегратор, аналог)";"только производитель; решение испытано ФЦ БАС, это подтверждает работоспособность, но не цифры"
e8960183-1828-4fdb-8c39-91f5a3523a96;РУБИ-С-03;max_speed_m_s;C;Один источник;1.2;м/с;производитель;1.2 м/с (производитель);"только производитель; решение испытано ФЦ БАС, это подтверждает работоспособность, но не цифры"
e8960183-1828-4fdb-8c39-91f5a3523a96;РУБИ-С-03;min_aisle_width_mm;F;Нет данных;;;;;значение не опубликовано
e8960183-1828-4fdb-8c39-91f5a3523a96;РУБИ-С-03;navigation_type;C;Один источник;лидар + камеры глубины + камера CV «EAGLE EYE»;;производитель;лидар + камеры глубины + камера CV «EAGLE EYE» (производитель);"только производитель; решение испытано ФЦ БАС, это подтверждает работоспособность, но не цифры"
e8960183-1828-4fdb-8c39-91f5a3523a96;РУБИ-С-03;positioning_accuracy_mm;C;Один источник;20 (распознавание расстояния);мм;производитель;20 (распознавание расстояния) мм (производитель);"только производитель; решение испытано ФЦ БАС, это подтверждает работоспособность, но не цифры"
e8960183-1828-4fdb-8c39-91f5a3523a96;РУБИ-С-03;robot_mass_kg;C;Один источник;198 (267 с водой);кг;производитель;"198 (267 с водой) кг (производитель); 227 кг (интегратор, аналог)";"только производитель; решение испытано ФЦ БАС, это подтверждает работоспособность, но не цифры"
e8960183-1828-4fdb-8c39-91f5a3523a96;РУБИ-С-03;runtime_h;C;Один источник;3.5 (комплексная) / 10 (ECO);ч;производитель;"3.5 (комплексная) / 10 (ECO) ч (производитель); 4 ч (интегратор, аналог); 3 (мойка) / 10 (GlideMopp) ч (интегратор, аналог)";"только производитель; решение испытано ФЦ БАС, это подтверждает работоспособность, но не цифры"
e8960183-1828-4fdb-8c39-91f5a3523a96;РУБИ-С-03;throughput;C;Один источник;1000–2500;м²/ч;производитель;"1000–2500 м²/ч (производитель); до 2040 м²/ч (интегратор, аналог)";"только производитель; решение испытано ФЦ БАС, это подтверждает работоспособность, но не цифры"
db02c054-a08a-4ddf-a957-6137eeef93ba;Яндекс-ровер R 4.0;charge_time_h;F;Нет данных;;;;;значение не опубликовано
db02c054-a08a-4ddf-a957-6137eeef93ba;Яндекс-ровер R 4.0;dimensions_mm;C;Один источник;880×678×1191;мм (Д×Ш×В);производитель;880×678×1191 мм (Д×Ш×В) (производитель);только производитель
db02c054-a08a-4ddf-a957-6137eeef93ba;Яндекс-ровер R 4.0;max_speed_m_s;C;Один источник;2.8;м/с;производитель;2.8 м/с (производитель);только производитель
db02c054-a08a-4ddf-a957-6137eeef93ba;Яндекс-ровер R 4.0;min_aisle_width_mm;F;Нет данных;;;;;значение не опубликовано
db02c054-a08a-4ddf-a957-6137eeef93ba;Яндекс-ровер R 4.0;navigation_type;C;Один источник;лидар, 5 камер, 4 парктроника, карты с точностью до 5 см;;производитель;лидар, 5 камер, 4 парктроника, карты с точностью до 5 см (производитель);только производитель
db02c054-a08a-4ddf-a957-6137eeef93ba;Яндекс-ровер R 4.0;payload_kg;C;Один источник;20;кг;производитель;20 кг (производитель);только производитель
db02c054-a08a-4ddf-a957-6137eeef93ba;Яндекс-ровер R 4.0;robot_mass_kg;F;Нет данных;;;;;значение не опубликовано
db02c054-a08a-4ddf-a957-6137eeef93ba;Яндекс-ровер R 4.0;runtime_h;C;Один источник;12–14;ч;производитель;12–14 ч (производитель);только производитель
db02c054-a08a-4ddf-a957-6137eeef93ba;Яндекс-ровер R 4.0;throughput;D;Слабо;серийный выпуск: 20 тыс. роботов к концу 2027;;СМИ;серийный выпуск: 20 тыс. роботов к концу 2027 (СМИ);только СМИ
ac5b3159-9df0-4911-8cc3-31227a5b3b59;TFM-15-8E;charge_time_h;F;Нет данных;;;;;значение не опубликовано
ac5b3159-9df0-4911-8cc3-31227a5b3b59;TFM-15-8E;dimensions_mm;C;Один источник;2500×3700×700;мм (Д×Ш×В);производитель;2500×3700×700 мм (Д×Ш×В) (производитель);только производитель
ac5b3159-9df0-4911-8cc3-31227a5b3b59;TFM-15-8E;max_speed_m_s;C;Один источник;44.4;м/с;производитель;44.4 м/с (производитель);только производитель
ac5b3159-9df0-4911-8cc3-31227a5b3b59;TFM-15-8E;navigation_type;C;Один источник;"автопилот TFM-15-AutoPilot; самолетный тип с вертикальным взлетом и посадкой (VTOL), 9 электромоторов";;производитель;"автопилот TFM-15-AutoPilot; самолетный тип с вертикальным взлетом и посадкой (VTOL), 9 электромоторов (производитель)";только производитель
ac5b3159-9df0-4911-8cc3-31227a5b3b59;TFM-15-8E;payload_kg;C;Один источник;15;кг;производитель;"15 кг (производитель); 12.2 кг (СМИ)";только производитель
ac5b3159-9df0-4911-8cc3-31227a5b3b59;TFM-15-8E;robot_mass_kg;C;Один источник;80;кг;производитель;80 кг (производитель);только производитель
ac5b3159-9df0-4911-8cc3-31227a5b3b59;TFM-15-8E;runtime_h;C;Один источник;1.5;ч;производитель;1.5 ч (производитель);только производитель
ac5b3159-9df0-4911-8cc3-31227a5b3b59;TFM-15-8E;throughput;F;Нет данных;;;;;значение не опубликовано
0861538d-75c8-473e-a2ab-499a6b8c1d49;Курьер-30;charge_time_h;F;Нет данных;;;;;значение не опубликовано
0861538d-75c8-473e-a2ab-499a6b8c1d49;Курьер-30;dimensions_mm;C;Один источник;1310×1340×760;мм (Д×Ш×В);производитель;1310×1340×760 мм (Д×Ш×В) (производитель);только производитель
0861538d-75c8-473e-a2ab-499a6b8c1d49;Курьер-30;max_speed_m_s;A;Проверено;20.0;м/с;производитель, эксплуатант;"20.0 м/с (производитель); 13.9 м/с (СМИ); 19.4 м/с (эксплуатант)";производитель и независимый источник
0861538d-75c8-473e-a2ab-499a6b8c1d49;Курьер-30;navigation_type;D;Слабо;автоматический полет по заданию или управление оператором (ПО PX4, QGroundControl);;СМИ;автоматический полет по заданию или управление оператором (ПО PX4, QGroundControl) (СМИ);только СМИ
0861538d-75c8-473e-a2ab-499a6b8c1d49;Курьер-30;payload_kg;C;Один источник;6;кг;производитель;"6 кг (производитель); 6 кг (СМИ); 30 кг (СМИ)";только производитель
0861538d-75c8-473e-a2ab-499a6b8c1d49;Курьер-30;robot_mass_kg;C;Один источник;29.9;кг;производитель;29.9 кг (производитель);только производитель
0861538d-75c8-473e-a2ab-499a6b8c1d49;Курьер-30;runtime_h;C;Один источник;0.3;ч;производитель;0.3 ч (производитель);только производитель
0861538d-75c8-473e-a2ab-499a6b8c1d49;Курьер-30;throughput;D;Слабо;рейс около 5.8 км в одну сторону за 10 минут, груз около 4 кг (около 100 пробирок);;СМИ;рейс около 5.8 км в одну сторону за 10 минут, груз около 4 кг (около 100 пробирок) (СМИ);только СМИ
38db0187-c455-4601-9ba1-7a1012485e4a;Роботизированная система патрулирования и охраны (МАИ);charge_time_h;F;Нет данных;;;;;значение не опубликовано
38db0187-c455-4601-9ba1-7a1012485e4a;Роботизированная система патрулирования и охраны (МАИ);dimensions_mm;F;Нет данных;;;;;значение не опубликовано
38db0187-c455-4601-9ba1-7a1012485e4a;Роботизированная система патрулирования и охраны (МАИ);max_speed_m_s;F;Нет данных;;;;;значение не опубликовано
38db0187-c455-4601-9ba1-7a1012485e4a;Роботизированная система патрулирования и охраны (МАИ);min_aisle_width_mm;F;Нет данных;;;;;значение не опубликовано
38db0187-c455-4601-9ba1-7a1012485e4a;Роботизированная система патрулирования и охраны (МАИ);navigation_type;D;Слабо;патрулирование территории с объездом препятствий;;СМИ;патрулирование территории с объездом препятствий (СМИ);только СМИ
38db0187-c455-4601-9ba1-7a1012485e4a;Роботизированная система патрулирования и охраны (МАИ);payload_kg;F;Нет данных;;;;;значение не опубликовано
38db0187-c455-4601-9ba1-7a1012485e4a;Роботизированная система патрулирования и охраны (МАИ);robot_mass_kg;F;Нет данных;;;;;значение не опубликовано
38db0187-c455-4601-9ba1-7a1012485e4a;Роботизированная система патрулирования и охраны (МАИ);runtime_h;F;Нет данных;;;;;значение не опубликовано
38db0187-c455-4601-9ba1-7a1012485e4a;Роботизированная система патрулирования и охраны (МАИ);throughput;F;Нет данных;;;;;значение не опубликовано
cf9643b1-7a04-429c-9ac2-33060c9f42dd;EVOCARGO N1;charge_time_h;D;Слабо;0.5;ч;организатор;0.5 ч (организатор);только организатор
cf9643b1-7a04-429c-9ac2-33060c9f42dd;EVOCARGO N1;dimensions_mm;D;Слабо;5000×1800×2200;мм (Д×Ш×В);организатор;5000×1800×2200 мм (Д×Ш×В) (организатор);только организатор
cf9643b1-7a04-429c-9ac2-33060c9f42dd;EVOCARGO N1;max_speed_m_s;D;Слабо;5.56–6.94;м/с;организатор;5.56–6.94 м/с (организатор);только организатор
cf9643b1-7a04-429c-9ac2-33060c9f42dd;EVOCARGO N1;min_aisle_width_mm;F;Нет данных;;;;;значение не опубликовано
cf9643b1-7a04-429c-9ac2-33060c9f42dd;EVOCARGO N1;navigation_type;D;Слабо;камеры, лидары, сенсоры;;организатор;камеры, лидары, сенсоры (организатор);только организатор
cf9643b1-7a04-429c-9ac2-33060c9f42dd;EVOCARGO N1;payload_kg;D;Слабо;2000;кг;организатор;"2000 кг (организатор); 2000 кг (СМИ); 2000 кг (СМИ)";только организатор
cf9643b1-7a04-429c-9ac2-33060c9f42dd;EVOCARGO N1;robot_mass_kg;F;Нет данных;;;;;значение не опубликовано
cf9643b1-7a04-429c-9ac2-33060c9f42dd;EVOCARGO N1;runtime_h;C;Один источник;до недели на одной зарядке (маркетинг);ч;производитель;до недели на одной зарядке (маркетинг) ч (производитель);только производитель
cf9643b1-7a04-429c-9ac2-33060c9f42dd;EVOCARGO N1;throughput;D;Слабо;6;европаллет за рейс;организатор;6 европаллет за рейс (организатор);только организатор
28a5afa8-0473-4f80-99a9-b2922b76810f;Беспилотный тягач Cognitive Pilot;charge_time_h;F;Нет данных;;;;;значение не опубликовано
28a5afa8-0473-4f80-99a9-b2922b76810f;Беспилотный тягач Cognitive Pilot;dimensions_mm;D;Слабо;2300×1400×1500;мм (Д×Ш×В);организатор;"2300×1400×1500 мм (Д×Ш×В) (организатор); 2700×1400×1600 мм (Д×Ш×В) (СМИ)";только организатор
28a5afa8-0473-4f80-99a9-b2922b76810f;Беспилотный тягач Cognitive Pilot;max_speed_m_s;A;Проверено;1.39–6.94;м/с;организатор, производитель;"1.39–6.94 м/с (организатор); 4.17 м/с (СМИ); 5.56 м/с (производитель)";сходятся организатор и производитель
28a5afa8-0473-4f80-99a9-b2922b76810f;Беспилотный тягач Cognitive Pilot;min_aisle_width_mm;F;Нет данных;;;;;значение не опубликовано
28a5afa8-0473-4f80-99a9-b2922b76810f;Беспилотный тягач Cognitive Pilot;navigation_type;A;Проверено;камеры, лидары, радары, нейросети;;организатор, производитель;"камеры, лидары, радары, нейросети (организатор); компьютерное зрение: 4 видеокамеры, лидары, радары; без магнитных лент и маяков (производитель); без наземной инфраструктуры, компьютерное зрение и глубокое обучение (СМИ)";сходятся организатор и производитель
28a5afa8-0473-4f80-99a9-b2922b76810f;Беспилотный тягач Cognitive Pilot;payload_kg;D;Слабо;3000;кг;организатор;3000 кг (организатор);только организатор
28a5afa8-0473-4f80-99a9-b2922b76810f;Беспилотный тягач Cognitive Pilot;robot_mass_kg;D;Слабо;1000–1500;кг;организатор;"1000–1500 кг (организатор); до 2500 кг (СМИ); 970 кг (СМИ)";только организатор
28a5afa8-0473-4f80-99a9-b2922b76810f;Беспилотный тягач Cognitive Pilot;runtime_h;D;Слабо;24;ч;организатор;24 ч (организатор);только организатор
28a5afa8-0473-4f80-99a9-b2922b76810f;Беспилотный тягач Cognitive Pilot;throughput;F;Нет данных;;;;;значение не опубликовано
ext-pudubot-2;PuduBot 2;charge_time_h;A;Проверено;4;ч;организатор, производитель;"4 ч (организатор); 4 ч (производитель)";сходятся организатор и производитель
ext-pudubot-2;PuduBot 2;dimensions_mm;A;Проверено;580×535×1290;мм;организатор, производитель;"580×535×1290 мм (организатор); 580×535×1290 мм (Д×Ш×В) (производитель)";сходятся организатор и производитель
ext-pudubot-2;PuduBot 2;max_speed_m_s;A;Проверено;0.5–1.2;м/с;организатор, производитель;"0.5–1.2 м/с (организатор); 0.5–1.2 м/с (производитель)";сходятся организатор и производитель
ext-pudubot-2;PuduBot 2;min_aisle_width_mm;A;Проверено;800;мм;организатор, производитель;"800 мм (организатор); 800 мм (производитель)";сходятся организатор и производитель
ext-pudubot-2;PuduBot 2;navigation_type;A;Проверено;VSLAM + лазерный SLAM;;организатор, производитель;"VSLAM + лазерный SLAM (организатор); без меток, PUDU VSLAM+ и два лидара (производитель)";сходятся организатор и производитель
ext-pudubot-2;PuduBot 2;payload_kg;E;Спорно;10;кг на полку;организатор, производитель;"10 кг на полку (организатор); 40 кг (производитель)";источники расходятся больше чем на 10%, в расчете: данные организатора
ext-pudubot-2;PuduBot 2;robot_mass_kg;A;Проверено;39;кг;организатор, производитель;"39 кг (организатор); 39 кг (производитель)";сходятся организатор и производитель
ext-pudubot-2;PuduBot 2;runtime_h;A;Проверено;12;ч;организатор, производитель;"12 ч (организатор); 12–15 ч (производитель)";сходятся организатор и производитель
ext-pudubot-2;PuduBot 2;throughput;F;Нет данных;;;;;значение не опубликовано
ext-gausium-scrubber-75;Gausium Scrubber 75;charge_time_h;C;Один источник;5;ч;производитель;5 ч (производитель);только производитель
ext-gausium-scrubber-75;Gausium Scrubber 75;dimensions_mm;C;Один источник;1370×962×1417;мм (Д×Ш×В);производитель;1370×962×1417 мм (Д×Ш×В) (производитель);только производитель
ext-gausium-scrubber-75;Gausium Scrubber 75;max_speed_m_s;C;Один источник;1.1;м/с;производитель;1.1 м/с (производитель);только производитель
ext-gausium-scrubber-75;Gausium Scrubber 75;min_aisle_width_mm;C;Один источник;1400;мм;производитель;1400 мм (производитель);только производитель
ext-gausium-scrubber-75;Gausium Scrubber 75;navigation_type;C;Один источник;"3D-лидар, 2D-лидар, 3D-камера, датчики столкновения и падения; у версии 75P еще радары";;производитель;"3D-лидар, 2D-лидар, 3D-камера, датчики столкновения и падения; у версии 75P еще радары (производитель)";только производитель
ext-gausium-scrubber-75;Gausium Scrubber 75;robot_mass_kg;C;Один источник;400;кг;производитель;400 кг (производитель);только производитель
ext-gausium-scrubber-75;Gausium Scrubber 75;runtime_h;C;Один источник;4–6;ч;производитель;4–6 ч (производитель);только производитель
ext-gausium-scrubber-75;Gausium Scrubber 75;throughput;C;Один источник;700–1400;м²/ч;производитель;700–1400 м²/ч (производитель);только производитель
ext-promobot-v4;Promobot V4;charge_time_h;C;Один источник;до 10;ч;производитель;до 10 ч (производитель);только производитель
ext-promobot-v4;Promobot V4;dimensions_mm;C;Один источник;716×740×1485;мм (Д×Ш×В);производитель;716×740×1485 мм (Д×Ш×В) (производитель);только производитель
ext-promobot-v4;Promobot V4;max_speed_m_s;C;Один источник;до 0.2;м/с;производитель;до 0.2 м/с (производитель);только производитель
ext-promobot-v4;Promobot V4;min_aisle_width_mm;C;Один источник;1700;мм;производитель;1700 мм (производитель);только производитель
ext-promobot-v4;Promobot V4;navigation_type;C;Один источник;лидар (опция) и заранее построенная карта помещения;;производитель;лидар (опция) и заранее построенная карта помещения (производитель);только производитель
ext-promobot-v4;Promobot V4;robot_mass_kg;C;Один источник;до 130;кг;производитель;до 130 кг (производитель);только производитель
ext-promobot-v4;Promobot V4;runtime_h;C;Один источник;до 8;ч;производитель;до 8 ч (производитель);только производитель
ext-promobot-v4;Promobot V4;throughput;F;Нет данных;;;;;значение не опубликовано
ext-tracteasy-eztow;TractEasy EZTow;charge_time_h;F;Нет данных;;;;;значение не опубликовано
ext-tracteasy-eztow;TractEasy EZTow;dimensions_mm;C;Один источник;3200×1940×2050;мм (Д×Ш×В);производитель;3200×1940×2050 мм (Д×Ш×В) (производитель);только производитель
ext-tracteasy-eztow;TractEasy EZTow;max_speed_m_s;C;Один источник;4.17;м/с;производитель;4.17 м/с (производитель);только производитель
ext-tracteasy-eztow;TractEasy EZTow;min_aisle_width_mm;F;Нет данных;;;;;значение не опубликовано
ext-tracteasy-eztow;TractEasy EZTow;navigation_type;C;Один источник;датчики и камеры, без выделенной инфраструктуры, смешанный трафик;;производитель;датчики и камеры, без выделенной инфраструктуры, смешанный трафик (производитель);только производитель
ext-tracteasy-eztow;TractEasy EZTow;payload_kg;F;Нет данных;;;;;значение не опубликовано
ext-tracteasy-eztow;TractEasy EZTow;robot_mass_kg;C;Один источник;4170;кг;интегратор;4170 кг (интегратор);только интегратор
ext-tracteasy-eztow;TractEasy EZTow;runtime_h;F;Нет данных;;;;;значение не опубликовано
ext-tracteasy-eztow;TractEasy EZTow;throughput;F;Нет данных;;;;;значение не опубликовано
ext-pudu-flashbot;Pudu FlashBot;charge_time_h;C;Один источник;4.5;ч;производитель;4.5 ч (производитель);только производитель
ext-pudu-flashbot;Pudu FlashBot;dimensions_mm;C;Один источник;539×515×1050;мм (Д×Ш×В);производитель;539×515×1050 мм (Д×Ш×В) (производитель);только производитель
ext-pudu-flashbot;Pudu FlashBot;max_speed_m_s;C;Один источник;0.5–1.5;м/с;производитель;0.5–1.5 м/с (производитель);только производитель
ext-pudu-flashbot;Pudu FlashBot;min_aisle_width_mm;C;Один источник;700;мм;производитель;700 мм (производитель);только производитель
ext-pudu-flashbot;Pudu FlashBot;navigation_type;C;Один источник;PUDU SLAM;;производитель;PUDU SLAM (производитель);только производитель
ext-pudu-flashbot;Pudu FlashBot;payload_kg;C;Один источник;30;кг;производитель;30 кг (производитель);только производитель
ext-pudu-flashbot;Pudu FlashBot;robot_mass_kg;C;Один источник;55;кг;производитель;55 кг (производитель);только производитель
ext-pudu-flashbot;Pudu FlashBot;runtime_h;C;Один источник;12;ч;производитель;12 ч (производитель);только производитель
ext-pudu-flashbot;Pudu FlashBot;throughput;F;Нет данных;;;;;значение не опубликовано
ext-pudu-flashbot-max;Pudu FlashBot Max;charge_time_h;C;Один источник;4;ч;производитель;4 ч (производитель);только производитель
ext-pudu-flashbot-max;Pudu FlashBot Max;dimensions_mm;C;Один источник;538×534×1052;мм (Д×Ш×В);производитель;538×534×1052 мм (Д×Ш×В) (производитель);только производитель
ext-pudu-flashbot-max;Pudu FlashBot Max;max_speed_m_s;C;Один источник;0.5–1.2;м/с;производитель;0.5–1.2 м/с (производитель);только производитель
ext-pudu-flashbot-max;Pudu FlashBot Max;min_aisle_width_mm;C;Один источник;600;мм;производитель;600 мм (производитель);только производитель
ext-pudu-flashbot-max;Pudu FlashBot Max;navigation_type;C;Один источник;VSLAM + лидарный SLAM, 3D-обход препятствий;;производитель;VSLAM + лидарный SLAM, 3D-обход препятствий (производитель);только производитель
ext-pudu-flashbot-max;Pudu FlashBot Max;payload_kg;C;Один источник;20–40;кг;производитель;20–40 кг (производитель);только производитель
ext-pudu-flashbot-max;Pudu FlashBot Max;robot_mass_kg;C;Один источник;60;кг;производитель;60 кг (производитель);только производитель
ext-pudu-flashbot-max;Pudu FlashBot Max;runtime_h;C;Один источник;9;ч;производитель;9 ч (производитель);только производитель
ext-keenon-w3;Keenon W3;charge_time_h;C;Один источник;6.5;ч;интегратор;6.5 ч (интегратор);только интегратор
ext-keenon-w3;Keenon W3;dimensions_mm;C;Один источник;549×459×1081;мм (Д×Ш×В);интегратор;549×459×1081 мм (Д×Ш×В) (интегратор);только интегратор
ext-keenon-w3;Keenon W3;max_speed_m_s;C;Один источник;0.8;м/с;интегратор;0.8 м/с (интегратор);только интегратор
ext-keenon-w3;Keenon W3;min_aisle_width_mm;C;Один источник;700;мм;интегратор;700 мм (интегратор);только интегратор
ext-keenon-w3;Keenon W3;navigation_type;F;Нет данных;;;;;значение не опубликовано
ext-keenon-w3;Keenon W3;payload_kg;C;Один источник;20;кг;интегратор;20 кг (интегратор);только интегратор
ext-keenon-w3;Keenon W3;robot_mass_kg;C;Один источник;48;кг;интегратор;48 кг (интегратор);только интегратор
ext-keenon-w3;Keenon W3;runtime_h;C;Один источник;12;ч;интегратор;12 ч (интегратор);только интегратор
ext-keenon-w3;Keenon W3;throughput;F;Нет данных;;;;;значение не опубликовано
ext-aethon-tug;Aethon TUG T3;charge_time_h;C;Один источник;3.2;ч;производитель;3.2 ч (производитель);только производитель
ext-aethon-tug;Aethon TUG T3;dimensions_mm;C;Один источник;?×570×1221;мм (Д×Ш×В);производитель;?×570×1221 мм (Д×Ш×В) (производитель);только производитель
ext-aethon-tug;Aethon TUG T3;max_speed_m_s;C;Один источник;0.76;м/с;производитель;0.76 м/с (производитель);только производитель
ext-aethon-tug;Aethon TUG T3;min_aisle_width_mm;F;Нет данных;;;;;значение не опубликовано
ext-aethon-tug;Aethon TUG T3;navigation_type;C;Один источник;без инфраструктуры: лидары, всенаправленный привод 4WD;;производитель;без инфраструктуры: лидары, всенаправленный привод 4WD (производитель);только производитель
ext-aethon-tug;Aethon TUG T3;payload_kg;E;Спорно;340;кг;производитель;"340 кг (производитель); 454 кг (производитель)";источники расходятся больше чем на 10%, в расчете: значение хуже для окупаемости
ext-aethon-tug;Aethon TUG T3;robot_mass_kg;F;Нет данных;;;;;значение не опубликовано
ext-aethon-tug;Aethon TUG T3;runtime_h;C;Один источник;9;ч;производитель;9 ч (производитель);только производитель
ext-aethon-tug;Aethon TUG T3;throughput;C;Один источник;более 50 000 доставок в неделю парком более 400 роботов в больницах США (2013);;производитель;более 50 000 доставок в неделю парком более 400 роботов в больницах США (2013) (производитель);только производитель
ext-uvd-robots;UVD Robots Model C;charge_time_h;F;Нет данных;;;;;значение не опубликовано
ext-uvd-robots;UVD Robots Model C;dimensions_mm;C;Один источник;?×550×?;мм (Д×Ш×В);интегратор;?×550×? мм (Д×Ш×В) (интегратор);только интегратор
ext-uvd-robots;UVD Robots Model C;max_speed_m_s;D;Слабо;0.75;м/с;СМИ;0.75 м/с (СМИ);только СМИ
ext-uvd-robots;UVD Robots Model C;min_aisle_width_mm;C;Один источник;550;мм;интегратор;550 мм (интегратор);только интегратор
ext-uvd-robots;UVD Robots Model C;navigation_type;C;Один источник;лазерные сканеры и 3D-камеры, автономный маршрут, автодокинг;;интегратор;лазерные сканеры и 3D-камеры, автономный маршрут, автодокинг (интегратор);только интегратор
ext-uvd-robots;UVD Robots Model C;robot_mass_kg;D;Слабо;120;кг;СМИ;120 кг (СМИ);только СМИ
ext-uvd-robots;UVD Robots Model C;runtime_h;F;Нет данных;;;;;значение не опубликовано
ext-uvd-robots;UVD Robots Model C;throughput;D;Слабо;операционный блок из 17 помещений и коридоров примерно за 2 часа;;СМИ;операционный блок из 17 помещений и коридоров примерно за 2 часа (СМИ);только СМИ
ext-stk-evlampiy;Евлампий (СТК);charge_time_h;F;Нет данных;;;;;значение не опубликовано
ext-stk-evlampiy;Евлампий (СТК);dimensions_mm;F;Нет данных;;;;;значение не опубликовано
ext-stk-evlampiy;Евлампий (СТК);max_speed_m_s;F;Нет данных;;;;;значение не опубликовано
ext-stk-evlampiy;Евлампий (СТК);navigation_type;D;Слабо;по заданному маршруту и таймеру, сам возвращается на базу;;СМИ;по заданному маршруту и таймеру, сам возвращается на базу (СМИ);только СМИ
ext-stk-evlampiy;Евлампий (СТК);robot_mass_kg;F;Нет данных;;;;;значение не опубликовано
ext-stk-evlampiy;Евлампий (СТК);runtime_h;F;Нет данных;;;;;значение не опубликовано
ext-skoltech-ultrabot;Ультработ (Сколтех);navigation_type;D;Слабо;2 лидара и 3 камеры глубины;;СМИ;2 лидара и 3 камеры глубины (СМИ);только СМИ
ext-skoltech-ultrabot;Ультработ (Сколтех);runtime_h;D;Слабо;6;ч;СМИ;6 ч (СМИ);только СМИ
5760e938-9a43-45a7-b8e8-f4f2e6383930;Ronavi H1500;lift_height_mm;F;Нет данных;;;;;значение не опубликовано
6f3da854-41da-4363-8496-5487f37c845a;Ronavi H2000;lift_height_mm;C;Один источник;70;мм;производитель;70 мм (производитель);только производитель
ext-aurrigo-auto-dollytug;Aurrigo Auto-DollyTug;payload_kg;D;Слабо;1500;кг;СМИ;1500 кг (СМИ);только СМИ
ext-aurrigo-auto-dollytug;Aurrigo Auto-DollyTug;navigation_type;D;Слабо;лидар и набор датчиков;;СМИ;лидар и набор датчиков (СМИ);только СМИ
ext-aurrigo-auto-dollytug;Aurrigo Auto-DollyTug;max_speed_m_s;F;Нет данных;;;;;значение не опубликовано
ext-aurrigo-auto-dollytug;Aurrigo Auto-DollyTug;runtime_h;F;Нет данных;;;;;значение не опубликовано
ext-aurrigo-auto-dollytug;Aurrigo Auto-DollyTug;charge_time_h;F;Нет данных;;;;;значение не опубликовано
ext-aurrigo-auto-dollytug;Aurrigo Auto-DollyTug;dimensions_mm;F;Нет данных;;;;;значение не опубликовано
ext-aurrigo-auto-dollytug;Aurrigo Auto-DollyTug;robot_mass_kg;F;Нет данных;;;;;значение не опубликовано
ext-aurrigo-auto-dollytug;Aurrigo Auto-DollyTug;min_aisle_width_mm;F;Нет данных;;;;;значение не опубликовано
ext-aurrigo-auto-dollytug;Aurrigo Auto-DollyTug;throughput;F;Нет данных;;;;;значение не опубликовано
ext-avidbots-neo-2;Avidbots Neo 2;dimensions_mm;C;Один источник;1520×760–940×1370;мм (Д×Ш×В);производитель;1520×760–940×1370 мм (Д×Ш×В) (производитель);только производитель
ext-avidbots-neo-2;Avidbots Neo 2;robot_mass_kg;C;Один источник;581.5–688;кг;производитель;581.5–688 кг (производитель);только производитель
ext-avidbots-neo-2;Avidbots Neo 2;throughput;C;Один источник;до 3900;м²/ч;производитель;до 3900 м²/ч (производитель);только производитель
ext-avidbots-neo-2;Avidbots Neo 2;runtime_h;C;Один источник;4–6;ч;производитель;4–6 ч (производитель);только производитель
ext-avidbots-neo-2;Avidbots Neo 2;max_speed_m_s;F;Нет данных;;;;;значение не опубликовано
ext-avidbots-neo-2;Avidbots Neo 2;charge_time_h;F;Нет данных;;;;;значение не опубликовано
ext-avidbots-neo-2;Avidbots Neo 2;min_aisle_width_mm;F;Нет данных;;;;;значение не опубликовано
ext-avidbots-neo-2;Avidbots Neo 2;navigation_type;F;Нет данных;;;;;значение не опубликовано
ext-lg-cloi-guidebot;LG CLOi GuideBot;dimensions_mm;C;Один источник;510×510×1501;мм (Д×Ш×В);производитель;510×510×1501 мм (Д×Ш×В) (производитель);только производитель
ext-lg-cloi-guidebot;LG CLOi GuideBot;robot_mass_kg;C;Один источник;80;кг;производитель;80 кг (производитель);только производитель
ext-lg-cloi-guidebot;LG CLOi GuideBot;max_speed_m_s;C;Один источник;0.98;м/с;производитель;0.98 м/с (производитель);только производитель
ext-lg-cloi-guidebot;LG CLOi GuideBot;runtime_h;C;Один источник;9;ч;производитель;9 ч (производитель);только производитель
ext-lg-cloi-guidebot;LG CLOi GuideBot;charge_time_h;C;Один источник;5;ч;производитель;5 ч (производитель);только производитель
ext-lg-cloi-guidebot;LG CLOi GuideBot;min_aisle_width_mm;C;Один источник;800;мм;производитель;800 мм (производитель);только производитель
ext-lg-cloi-guidebot;LG CLOi GuideBot;navigation_type;C;Один источник;лидар, камера глубины, ToF, магнитные датчики, бампер;;производитель;лидар, камера глубины, ToF, магнитные датчики, бампер (производитель);только производитель
ext-lg-cloi-guidebot;LG CLOi GuideBot;throughput;F;Нет данных;;;;;значение не опубликовано
